Name,WAR,Name-additional
,,-9999
David Aardsma,0.0,aardsda01
Fernando Abad*,0.0,abadfe01
Bobby Abreu*,1.9,abreubo01
Tony Abreu#,-1.3,abreuto01
Jeremy Accardo,,accarje01
Alfredo Aceves,0.0,aceveal01
Manny Acosta,0.0,acostma01
Mike Adams,0.0,adamsmi03
Jeremy Affeldt*,0.0,affelje01
Jonathan Albaladejo,,albaljo01
Matt Albers*,0.0,alberma01
Cory Aldridge*,-0.2,aldrico01
Eliezer Alfonzo,-0.2,alfonel01
Brandon Allen*,0.3,allenbr01
Yonder Alonso*,0.0,alonsyo01
Pedro Álvarez*,0.6,alvarpe01
Hector Ambriz*,0.0,ambrihe01
Brett Anderson*,,anderbr04
Bryan Anderson*,-0.1,anderbr05
Garret Anderson*,-1.1,anderga01
Lars Anderson*,-0.1,anderla03
Robert Andino,0.3,andinro01
Elvis Andrus,1.2,andruel01
Rick Ankiel*,0.5,ankieri01
J.P. Arencibia,-0.2,arencjp01
Joaquin Arias,-0.5,ariasjo01
Jake Arrieta,0.0,arrieja01
Bronson Arroyo,0.0,arroybr01
Scott Atchison,0.0,atchisc01
Luis Atilano,-0.3,atilalu01
Garrett Atkins,-1.3,atkinga01
Mitch Atkins,0.0,atkinmi01
Brad Ausmus,-0.1,ausmubr01
Alex Avila*,0.1,avilaal01
Mike Aviles,1.5,avilemi01
John Axford,0.0,axforjo01
Erick Aybar#,2.2,aybarer01
Willy Aybar#,0.1,aybarwi01
Burke Badenhop,0.0,badenbu01
Danys Báez,0.0,baezda01
Andrew Bailey,0.0,bailean01
Homer Bailey,0.2,baileho02
Jeff Baker,0.5,bakerje03
John Baker*,-0.3,bakerjo01
Scott Baker,-0.1,bakersc02
Rocco Baldelli,0.0,baldero01
Collin Balester,0.0,balesco01
Grant Balfour,0.0,balfogr01
Josh Banks,,banksjo01
Brian Bannister,0.0,bannibr01
Rod Barajas,0.8,barajro01
Daniel Bard,0.0,bardda01
Josh Bard#,0.0,bardjo01
Brian Barden,-0.2,bardebr01
Clint Barmes,1.1,barmecl01
Darwin Barney,0.5,barneda01
Jason Bartlett,2.5,bartlja01
Daric Barton*,5.5,bartoda02
Brian Bass,0.0,bassbr01
Antonio Bastardo,0.0,bastaan01
Miguel Batista,0.0,batismi01
Denny Bautista,0.1,bautide01
José Bautista,7.0,bautijo02
Mike Baxter*,-0.2,baxtemi01
Jason Bay,1.8,bayja01
Brandon Beachy,0.0,beachbr01
Josh Beckett,,beckejo02
Gordon Beckham,0.7,beckhgo01
Joe Beimel*,0.0,beimejo01
Ronald Belisario,0.0,belisro01
Matt Belisle,0.1,belisma01
Heath Bell,0.0,bellhe01
Josh Bell#,-0.1,belljo01
Trevor Bell*,0.0,belltr01
Ronnie Belliard,-0.4,belliro01
Carlos Beltrán#,0.7,beltrca01
Adrián Beltré,7.8,beltrad01
Omar Beltre,,beltrom01
Joaquín Benoit,0.0,benoijo01
Kris Benson,0.0,bensokr01
Justin Berg,0.0,bergju01
Brad Bergesen*,0.0,bergebr02
Jason Bergmann,0.0,bergmja01
Jason Berken,0.0,berkeja01
Lance Berkman#,1.4,berkmla01
Roger Bernadina*,0.6,bernaro01
Rafael Betancourt,0.0,betanra01
Yuniesky Betancourt,-0.9,betanyu01
Wilson Betemit#,1.1,betemwi01
Chad Billingsley,0.2,billich01
Joe Bisenius,0.0,bisenjo01
Nick Blackburn,0.0,blackni01
Casey Blake,2.7,blakeca01
Hank Blalock*,0.1,blaloha01
Andrés Blanco#,0.2,blancan01
Grégor Blanco*,1.1,blancgr01
Henry Blanco,0.0,blanche01
Kyle Blanks,0.2,blankky01
Joe Blanton,-0.2,blantjo01
Jerry Blevins*,0.0,blevije01
Willie Bloomquist,-0.9,bloomwi01
Geoff Blum#,0.2,blumge01
Brian Bocock,-0.1,bococbr01
Brennan Boesch*,0.9,boescbr01
Brandon Boggs#,-0.4,boggsbr01
Mitchell Boggs,0.0,boggsmi01
Brian Bogusevic*,-0.1,bogusbr01
Jeremy Bonderman,0.0,bondeje01
Emilio Bonifácio#,1.1,bonifem01
Eddie Bonine,0.0,bonined01
Boof Bonser,,bonsebo01
Julio Borbon*,1.5,borboju01
J.C. Boscan,0.0,boscajc01
Jason Bourgeois,-0.3,bourgja01
Peter Bourjos,1.5,bourjpe01
Michael Bourn*,5.5,bournmi01
Michael Bowden,,bowdemi01
Cedrick Bowers#,0.0,bowerce01
John Bowker*,0.2,bowkejo01
Blaine Boyer,0.0,boyerbl01
Zach Braddock*,0.0,braddza01
Dallas Braden*,0.0,bradeda01
Milton Bradley#,0.0,bradlmi01
Michael Brantley*,-1.2,brantmi02
Russell Branyan*,2.0,branyru01
Ryan Braun,5.7,braunry02
Bill Bray*,0.0,braybi01
Craig Breslow*,0.0,breslcr01
Reid Brignac#,2.5,brignre01
Domonic Brown*,-0.4,browndo01
Dusty Brown,0.1,browndu01
Jordan Brown*,0.0,brownjo05
Jonathan Broxton,0.0,broxtjo01
Jay Bruce*,4.7,bruceja01
Brian Bruney,0.0,brunebr01
Clay Buchholz*,0.1,buchhcl01
Taylor Buchholz,0.1,buchhta01
John Buck,1.8,buckjo01
Travis Buck*,-0.4,bucktr01
Billy Buckner,0.1,bucknbi02
Ryan Budde,0.2,buddery01
Mark Buehrle*,-0.1,buehrma01
Jay Buente,0.0,buentja01
Jason Bulger,0.0,bulgeja01
Bryan Bullington,,bullibr01
Madison Bumgarner,0.1,bumgama01
Jamie Burke,0.0,burkeja02
A.J. Burnett,0.0,burnea.01
Alex Burnett,0.0,burneal01
Sean Burnett*,0.0,burnese01
Pat Burrell,1.9,burrepa01
Brian Burres*,-0.1,burrebr01
Emmanuel Burriss#,0.1,burriem01
Jared Burton,0.0,burtoja01
Dave Bush,0.0,bushda01
Drew Butera,0.2,buterdr01
Billy Butler,3.2,butlebi03
Marlon Byrd,3.7,byrdma01
Tim Byrdak*,0.0,byrdati01
Eric Byrnes,-0.3,byrneer01
Asdrúbal Cabrera#,1.4,cabreas01
Everth Cabrera#,0.1,cabreev01
Fernando Cabrera,,cabrefe01
Melky Cabrera#,-0.3,cabreme01
Miguel Cabrera,6.5,cabremi01
Orlando Cabrera,0.7,cabreor01
Trevor Cahill,0.0,cahiltr01
Lorenzo Cain,2.0,cainlo01
Matt Cain,-0.3,cainma01
Miguel Cairo,0.7,cairomi01
Alberto Callaspo#,1.6,callaal01
Mike Cameron,0.1,camermi01
Shawn Camp,0.1,campsh01
Robinson Canó*,8.1,canoro01
Jorge Cantu,-1.5,cantujo01
Matt Capps,0.0,cappsma01
Chris Capuano*,-0.2,capuach01
Esmailin Caridad,0.0,carides01
Luke Carlin#,0.3,carlilu01
Jesse Carlson*,,carlsje01
Mike Carp*,-0.1,carpmi01
Chris Carpenter,-0.3,carpech01
Drew Carpenter,0.0,carpean01
Carlos Carrasco,,carraca01
D.J. Carrasco,-0.1,carradj01
Brett Carroll,0.0,carrobr01
Jamey Carroll,2.5,carroja01
Matt Carson,-0.2,carsoma01
Chris Carter*,-0.2,cartech01
Chris Carter,-0.7,cartech02
Kevin Cash,-1.0,cashke01
Andrew Cashner,-0.1,cashnan01
Alexi Casilla#,1.1,casilal01
Santiago Casilla,0.0,garcija01
Bobby Cassevah,0.0,cassebo01
Alberto Castillo*,,castial02
Luis Castillo#,0.3,castilu01
Welington Castillo,0.2,castiwe01
Jason Castro*,-0.3,castrja01
Juan Castro,-1.9,castrju01
Ramon Castro,0.7,castrra01
Starlin Castro,1.6,castrst01
Frank Catalanotto*,-0.4,catalfr01
Brett Cecil,0.0,cecilbr01
Jose Ceda,0.0,cedajo01
Ronny Cedeno,0.5,cedenro02
Francisco Cervelli,0.9,cervefr01
Gustavo Chacin*,0.2,chacigu01
Jhoulys Chacín,-0.4,chacijh01
Joba Chamberlain,0.0,chambjo03
Aroldis Chapman*,0.0,chapmar01
Eric Chavez*,-0.2,chaveer01
Jesse Chavez,0.0,chaveje01
Bruce Chen*,0.1,chenbr01
Matt Chico*,-0.1,chicoma01
Randy Choate*,0.0,choatra01
Shin-Soo Choo*,5.9,choosh01
Ryan Church*,-0.2,churcry01
Pedro Ciriaco,0.2,ciriape01
Steve Cishek,0.0,cishest01
Jeff Clement*,-0.7,clemeje01
Brent Clevlen,0.0,clevlbr01
Tyler Clippard,0.1,clippty01
Robert Coello,,coellro01
Todd Coffey,0.0,coffeto01
Chris Coghlan*,1.1,coghlch01
Phil Coke*,0.0,cokeph01
Casey Coleman*,-0.1,colemca01
Jesus Colome,,colomje01
Roman Colon,,colonro01
Tyler Colvin*,0.9,colvity01
Hank Conger#,-0.1,congeha01
Brooks Conrad#,0.4,conrabr01
José Contreras,0.0,contrjo01
Aaron Cook,-0.2,cookaa01
Alex Cora*,-0.8,coraal01
Chad Cordero,0.0,cordech01
Francisco Cordero,0.0,cordefr01
Lance Cormier,0.0,cormila01
Manny Corpas,0.0,corpama01
Kevin Correia,0.0,correke01
Dan Cortes,,corteda02
Craig Counsell*,1.0,counscr01
Scott Cousins*,0.4,cousisc01
Allen Craig,0.1,craigal01
Jesse Crain,0.0,crainje01
Bobby Cramer*,,cramebo01
Carl Crawford*,7.0,crawfca02
Coco Crisp#,3.4,crispco01
Bobby Crosby,-1.4,crosbbo01
Trevor Crowe#,0.7,crowetr01
Juan Cruz,,cruzju02
Luis Cruz,-0.1,cruzlu01
Nelson Cruz,4.1,cruzne02
Michael Cuddyer,0.3,cuddymi01
Johnny Cueto,-0.3,cuetojo01
Aaron Cunningham,0.1,cunniaa01
Colin Curtis*,-0.4,curtico01
Jack Cust*,2.3,custja01
Casey Daigle,0.0,daiglca01
Matt Daley,0.0,daleyma01
Johnny Damon*,3.0,damonjo01
John Danks*,-0.1,danksjo01
Kyle Davies,0.0,davieky01
Brad Davis,0.4,davisbr03
Chris Davis*,-0.5,davisch02
Doug Davis,-0.2,davisdo02
Ike Davis*,3.3,davisik02
Rajai Davis,1.6,davisra01
Wade Davis,0.0,daviswa01
Alejandro De Aza*,0.1,deazaal01
Jorge De La Rosa*,-0.2,rosajo01
Sam Deduno,0.0,dedunsa01
David DeJesus*,1.9,dejesda01
Enerio Del Rosario,0.0,delroen01
Rob Delaney*,,delanro01
Manny Delcarmen,0.0,delcama01
Sam Demel,0.0,demelsa01
Ryan Dempster,-0.2,dempsry01
Chris Denorfia,2.0,denorch01
Mark DeRosa,-0.7,derosma01
Daniel Descalso*,0.4,descada01
Ian Desmond,1.1,desmoia01
Elmer Dessens,0.0,desseel01
Ross Detwiler,-0.1,detwiro01
Blake DeWitt*,0.4,dewitbl01
Thomas Diamond,-0.1,diamoth01
Argenis Diaz,-0.4,diazar01
Matt Diaz,0.6,diazma02
Chris Dickerson*,0.0,dickech01
R.A. Dickey,0.6,dicker.01
Greg Dobbs*,-1.1,dobbsgr01
Jason Donald,0.6,donalja01
Josh Donaldson,-0.3,donaljo02
Brendan Donnelly,0.0,donnebr01
Octavio Dotel,0.0,doteloc01
Felix Doubront*,,doubrfe01
Ryan Doumit#,0.0,doumiry01
Matt Downs,0.6,downsma01
Scott Downs*,0.0,downssc01
Kyle Drabek,,drabeky01
J.D. Drew*,3.1,drewj.01
Stephen Drew*,4.0,drewst01
Justin Duchscherer,,duchsju01
Lucas Duda*,-0.2,dudalu01
Brian Duensing*,0.0,duensbr01
Zach Duke*,-0.2,dukeza01
Shelley Duncan,1.2,duncash01
Adam Dunn*,2.5,dunnad01
Mike Dunn*,0.1,dunnmi01
Luis Durango#,0.0,duranlu01
Chad Durbin,0.0,durbich01
Jarrod Dyson*,0.8,dysonja01
David Eckstein,1.4,eckstda01
Jim Edmonds*,1.9,edmonji01
Mike Ekstrom,0.0,ekstrmi01
Scott Elbert*,0.0,elbersc01
Brad Eldred,0.0,eldrebr01
A.J. Ellis,0.3,ellisaj01
Mark Ellis,3.4,ellisma01
Jacoby Ellsbury*,-0.1,ellsbja01
John Ely,-0.1,elyjo01
Edwin Encarnación,1.6,encared01
Jesse English*,0.0,englije01
Barry Enright,0.2,enrigba01
Edgmer Escalona,0.0,escaled01
Alcides Escobar,0.5,escobal02
Yunel Escobar,2.3,escobyu01
Danny Espinosa#,0.7,espinda01
Brian Esposito,-0.1,esposbr01
Marco Estrada,0.0,estrama01
Andre Ethier*,1.9,ethiean01
Nick Evans,0.2,evansni01
Terry Evans,0.0,evanste01
Dana Eveland*,0.0,evelada01
Adam Everett,-0.5,everead01
Kyle Farnsworth,0.0,farnsky01
Scott Feldman*,0.0,feldmsc01
Jésus Feliciano*,-0.2,felicje01
Pedro Feliciano*,0.0,felicpe01
Neftalí Feliz,0.0,felizne01
Pedro Feliz,-2.4,felizpe01
Prince Fielder*,1.5,fieldpr01
Josh Fields,0.3,fieldjo02
Casey Fien,,fienca01
Alfredo Figaro,,figaral01
Chone Figgins#,1.2,figgich01
Nelson Figueroa#,0.1,figuene01
Carlos Fisher,-0.1,fisheca01
Doug Fister*,0.0,fistedo01
Randy Flores*,0.0,florera01
Tyler Flowers,0.0,flowety01
Gavin Floyd,0.1,floydga01
Mike Fontenot*,0.0,fontemi01
Darren Ford,0.0,fordda03
Dexter Fowler#,1.7,fowlede01
Jake Fox,-0.1,foxja02
Matt Fox,,foxma01
Jeff Francis*,0.0,francje01
Ben Francisco,0.4,francbe01
Frank Francisco,0.0,francfr01
Juan Francisco*,0.0,francju02
Jeff Francoeur,1.3,francje02
Kevin Frandsen,0.0,frandke01
Ryan Franklin,0.0,frankry01
Jason Frasor,0.0,frasoja01
Jeff Frazier,-0.1,frazije01
Freddie Freeman*,-0.2,freemfr01
David Freese,0.7,freesda01
Luke French*,0.0,frenclu01
Ernesto Frieri,0.0,frierer01
Brian Fuentes*,0.0,fuentbr01
Kosuke Fukudome*,1.2,fukudko01
Jeff Fulchino,0.0,fulchje01
Sam Fuld*,-0.4,fuldsa01
Rafael Furcal#,4.2,furcara02
Armando Gabino,,gabinar01
Armando Galarraga,-0.1,galarar01
Sean Gallagher,-0.1,gallase01
Yovani Gallardo,1.2,gallayo01
Mat Gamel*,-0.1,gamelma01
Freddy Garcia,-0.1,garcifr03
Jaime García*,0.2,garcija02
Brett Gardner*,7.4,gardnbr01
Ryan Garko,-0.8,garkory01
Jon Garland,0.6,garlajo01
Matt Garza,-0.1,garzama01
Chad Gaudin,0.0,gaudich01
Dillon Gee,0.0,geedi01
Craig Gentry,-0.2,gentrcr01
Esteban German,-0.1,germaes01
Justin Germano,,germaju01
Jody Gerut*,-0.1,gerutjo01
Sammy Gervacio,0.0,gervasa01
Chris Getz*,0.3,getzch01
Jason Giambi*,-0.2,giambja01
Jay Gibbons*,-0.5,gibboja01
Cole Gillespie,-0.7,gilleco01
Chris Gimenez,0.1,gimench01
Troy Glaus,0.2,glaustr01
Ross Gload*,0.3,gloadro01
Greg Golson,0.0,golsogr01
Jonny Gomes,-0.9,gomesjo01
Carlos Gómez,0.6,gomezca01
Jeanmar Gómez,,gomezje01
Adrián González*,4.4,gonzaad01
Alberto Gonzalez,0.1,gonzaal03
Alex Gonzalez,5.1,gonzaal02
Carlos González*,5.9,gonzaca01
Enrique Gonzalez,0.0,gonzaen01
Gio Gonzalez,-0.1,gonzagi01
Mike Gonzalez,,gonzami02
Alex Gordon*,-0.5,gordoal01
Tom Gorzelanny,-0.2,gorzeto01
John Grabow*,0.0,grabojo02
Curtis Granderson*,4.4,grandcu01
Jeff Gray,0.0,grayje02
Nick Green,-0.2,greenni01
Sean Green,0.0,greense01
Tyler Greene,0.2,greenty02
Luke Gregerson*,0.0,gregelu01
Kevin Gregg,0.0,greggke01
Zack Greinke,-0.1,greinza01
Ken Griffey Jr.*,-0.8,griffke02
Gabe Gross*,-0.3,grossga01
Mark Grudzielanek,0.2,grudzma01
Vladimir Guerrero,1.8,guerrvl01
Matt Guerrier,0.0,guerrma02
Carlos Guillen#,0.5,guillca01
Jose Guillen,-0.4,guilljo01
Jeremy Guthrie,0.0,guthrje01
Franklin Gutierrez,2.2,gutiefr01
J.C. Gutierrez,0.0,gutieju01
Cristian Guzman#,-0.9,guzmacr01
Tony Gwynn*,2.2,gwynnto02
Charlie Haeger,-0.1,haegech01
Travis Hafner*,2.4,hafnetr01
Jerry Hairston,1.2,hairsje02
Scott Hairston,1.0,hairssc01
Bill Hall,1.8,hallbi03
Roy Halladay,-0.3,hallaro01
Greg Halman,0.1,halmagr01
Cole Hamels*,0.0,hamelco01
Josh Hamilton*,8.7,hamiljo03
Mark Hamilton*,-0.2,hamilma01
Jason Hammel,-0.4,hammeja01
Mike Hampton,0.0,hamptmi01
Ryan Hanigan,2.3,hanigry01
Joel Hanrahan,0.0,hanrajo01
Tommy Hanson,-0.4,hansoto01
J.A. Happ*,-0.3,happja01
Aaron Harang,-0.2,haranaa01
Rich Harden*,0.0,harderi01
J.J. Hardy,1.3,hardyjj01
Dan Haren,1.0,harenda01
Lucas Harrell#,,harrelu01
Brendan Harris,-1.1,harribr01
Willie Harris*,-0.7,harriwi02
Matt Harrison*,0.0,harrima01
Corey Hart,3.9,hartco01
Chris Hatcher#,0.0,hatchch02
LaTroy Hawkins,0.0,hawkila01
Blake Hawksworth,-0.3,hawksbl01
Brad Hawpe*,-0.4,hawpebr01
Brett Hayes,0.0,hayesbr01
Chase Headley#,3.9,headlch01
Aaron Heilman,0.0,heilmaa01
Chris Heisey,1.0,heisech01
Jeremy Hellickson,0.0,hellije01
Wes Helms,-0.9,helmswe01
Todd Helton*,0.2,heltoto01
Mark Hendrickson*,0.0,hendrma01
Clay Hensley,0.0,henslcl01
Jeremy Hermida*,-0.1,hermije01
Anderson Hernandez#,-0.2,hernaan01
David Hernandez,0.0,hernada01
Diory Hernandez,-0.1,hernadi01
Félix Hernández,0.0,hernafe02
Liván Hernández,-0.1,hernali01
Luis Hernandez#,0.5,hernalu01
Ramon Hernandez,1.1,hernara02
Roberto Hernandez,-0.1,carmofa01
David Herndon,0.0,herndda01
Danny Herrera*,0.0,herreda01
Jonathan Herrera#,0.9,herrejo03
Frank Herrmann*,0.0,herrmfr01
Mike Hessman,0.0,hessmmi01
John Hester,-0.5,hestejo01
Jason Heyward*,6.4,heywaja01
Brandon Hicks,0.0,hicksbr01
Aaron Hill,1.0,hillaa01
Koyie Hill#,-0.5,hillko01
Rich Hill*,,hillri01
Shawn Hill,,hillsh01
Steven Hill,0.1,hillst01
Eric Hinske*,0.3,hinsker01
Luke Hochevar,0.0,hochelu01
Trevor Hoffman,0.0,hoffmtr01
Jarrett Hoffpauir,0.2,hoffpja01
Micah Hoffpauir*,-0.5,hoffpmi01
Derek Holland#,,hollade01
Greg Holland,,hollagr01
Matt Holliday,5.9,hollima01
Paul Hoover,-0.2,hoovepa01
James Houser*,,houseja01
Ryan Howard*,1.2,howarry01
Bob Howry*,0.0,howrybo01
Chin-lung Hu,-0.1,huch01
Daniel Hudson,0.0,hudsoda01
Orlando Hudson#,2.9,hudsoor01
Tim Hudson,0.2,hudsoti01
Aubrey Huff*,5.7,huffau01
David Huff#,0.0,huffda01
Chad Huffman,0.0,huffmch01
Dusty Hughes*,0.0,hughedu01
Luke Hughes,0.0,hughelu01
Phil Hughes,0.0,hugheph01
Rhyne Hughes*,-0.1,hugherh01
Philip Humber,,humbeph01
Nick Hundley,-0.1,hundlni01
Tommy Hunter,0.0,hunteto02
Torii Hunter,3.0,hunteto01
Chris Iannetta,-0.2,iannech01
Raul Ibanez*,0.4,ibanera01
Ryota Igarashi,0.0,igarary01
Gregory Infante,,infangr01
Omar Infante,3.1,infanom01
Brandon Inge,2.4,ingebr01
Joe Inglett*,0.8,inglejo01
Travis Ishikawa*,0.0,ishiktr01
Akinori Iwamura*,-2.1,iwamuak01
Cesar Izturis#,0.3,izturce01
Maicer Izturis#,1.4,izturma01
Austin Jackson,5.1,jacksau01
Conor Jackson,0.2,jacksco01
Edwin Jackson,0.1,jacksed01
Steven Jackson,0.0,jacksst01
Mike Jacobs*,0.1,jacobmi02
Chris Jakubauskas*,0.0,jakubch01
Justin James,,jamesju01
Paul Janish,1.1,janispa01
Kenley Jansen#,0.1,janseke01
Casey Janssen,0.0,janssca01
Jason Jaramillo#,-0.7,jaramja01
John Jaso*,2.6,jasojo01
Jon Jay*,0.9,jayjo02
Jeremy Jeffress,0.0,jeffrje01
Bobby Jenks,0.0,jenksbo01
Desmond Jennings,0.0,jennide01
Kevin Jepsen,0.0,jepseke01
Derek Jeter,1.7,jeterde01
Ubaldo Jiménez,-0.2,jimenub01
Waldis Joaquin,0.0,joaquwa01
Chris Johnson,0.3,johnsch05
Dan Johnson*,0.2,johnsda06
Jim Johnson,,johnsji04
Josh Johnson*,-0.4,johnsjo09
Kelly Johnson*,4.3,johnske05
Nick Johnson*,-0.1,johnsni01
Reed Johnson,-0.5,johnsre02
Rob Johnson,-0.2,johnsro07
Adam Jones,2.5,jonesad01
Andruw Jones,1.9,jonesan01
Chipper Jones#,2.4,jonesch06
Garrett Jones*,-0.3,jonesga02
Hunter Jones*,0.0,joneshu01
Matt Joyce*,1.9,joycema01
Jair Jurrjens,0.0,jurrjja01
Kila Ka'aihue*,0.1,kaaihki01
Ryan Kalish*,0.7,kalisry01
Gabe Kapler,-0.4,kaplega01
Jeff Karstens,-0.3,karstje01
Kenshin Kawakami,0.0,kawakke01
Scott Kazmir*,-0.1,kazmisc01
Austin Kearns,0.9,kearnau01
Shawn Kelley,0.0,kellesh01
Don Kelly*,2.1,kellydo01
Matt Kemp,-1.1,kempma01
Jason Kendall,0.5,kendaja01
Howie Kendrick,2.4,kendrho01
Kyle Kendrick,-0.1,kendrky01
Adam Kennedy*,0.6,kennead01
Ian Kennedy,0.5,kenneia01
Jeff Keppinger,0.8,keppije01
Clayton Kershaw*,-0.4,kershcl01
Brad Kilby*,,kilbybr01
Craig Kimbrel,0.0,kimbrcr01
Ian Kinsler,4.0,kinslia01
Brandon Kintzler,0.0,kintzbr01
Michael Kirkman*,,kirkmmi01
Michael Kohn,,kohnmi01
Paul Konerko,4.7,konerpa01
Casey Kotchman*,-0.8,kotchca01
Mark Kotsay*,-0.7,kotsama01
George Kottaras*,0.8,kottage01
Kevin Kouzmanoff,2.3,kouzmke01
Erik Kratz,-0.3,kratzer01
Zach Kroenke,0.0,kroenza01
Jason Kubel*,-0.2,kubelja01
Hung-Chih Kuo*,0.1,kuoho01
Hiroki Kuroda,-0.6,kurodhi01
John Lackey,0.1,lackejo01
Aaron Laffey*,0.0,laffeaa01
Gerald Laird,-0.6,lairdge01
Mike Lamb*,-0.4,lambmi01
Ryan Langerhans*,1.2,langery01
John Lannan*,-0.2,lannajo01
Matt LaPorta,-0.3,laporma01
Jeff Larish*,-0.3,larisje01
Adam LaRoche*,1.1,larocad01
Andy LaRoche,-1.3,larocan01
Jason LaRue,0.1,larueja01
Mat Latos,-0.1,latosma01
Brandon League,0.0,leagubr01
Mike Leake,1.1,leakemi01
Wade LeBlanc*,0.5,leblawa01
Sam LeCure,0.0,lecursa01
Wil Ledezma*,0.0,ledezwi01
Carlos Lee,-2.2,leeca01
Cliff Lee*,0.0,leecl02
Derrek Lee,1.5,leede02
Anthony Lerew*,0.0,lerewan01
Chris Leroux*,0.0,lerouch01
Jon Lester*,0.0,lestejo01
Colby Lewis,0.1,lewisco01
Fred Lewis*,0.2,lewisfr02
Jensen Lewis,0.0,lewisje01
Rommie Lewis*,0.0,lewisro01
Brad Lidge,0.0,lidgebr01
Brent Lillibridge,-0.5,lillibr01
Ted Lilly*,-0.5,lillyte01
Tim Lincecum*,-0.1,linceti01
Brad Lincoln*,0.3,lincobr01
Mike Lincoln,0.0,lincomi01
Adam Lind*,-1.0,lindad01
John Lindsey,-0.2,lindsjo01
Matt Lindstrom,0.0,lindsma01
Scott Linebrink,0.0,linebsc01
Jon Link,0.0,linkjo01
Francisco Liriano*,0.0,liriafr01
Jesse Litsch,0.0,litscje01
Kameron Loe,0.0,loeka01
Boone Logan,0.0,loganbo02
Kyle Lohse,-0.1,lohseky01
James Loney*,0.6,loneyja01
Evan Longoria,8.2,longoev01
Felipe Lopez#,0.6,lopezfe01
Javier López*,0.0,lopezja02
Jose Lopez,0.8,lopezjo01
Rodrigo Lopez,-0.6,lopezro02
Wilton Lopez,0.0,lopezwi01
Derek Lowe,0.3,lowede01
Mark Lowe*,,lowema01
Mike Lowell,-0.1,lowelmi01
Jed Lowrie#,1.6,lowrije01
Jonathan Lucroy,0.5,lucrojo01
Donny Lucy,0.2,lucydo01
Ryan Ludwick,1.9,ludwiry01
Cory Luebke,-0.1,luebkco01
Julio Lugo,-0.8,lugoju01
Hector Luna,-0.5,lunahe01
Brandon Lyon,0.0,lyonbr01
Mike MacDougal#,0.0,macdomi01
Evan MacLane*,0.0,maclaev01
Ryan Madson*,0.0,madsory01
Ron Mahay*,0.0,mahayro01
Paul Maholm*,-0.3,maholpa01
Mitch Maier*,0.8,maiermi01
John Maine,-0.2,mainejo01
Scott Maine*,0.0,mainesc01
Gary Majewski,0.0,majewga01
Carlos Maldonado,0.3,maldoca03
Matt Maloney*,0.1,malonma02
Matt Mangini*,-0.2,mangima01
Jeff Manship,0.0,manshje01
Robert Manuel,,manuero01
Tommy Manzella,-1.3,manzeto01
Shaun Marcum,0.1,marcush01
Jhan Mariñez,0.0,marinjh01
Nick Markakis*,2.3,markani01
Carlos Marmol,0.0,marmoca01
Jeff Marquez,,marquje01
Jason Marquis*,-0.1,marquja01
Sean Marshall*,-0.1,marshse01
Lou Marson,0.4,marsolo01
Andy Marte,0.5,martean01
Damaso Marte*,0.0,marteda01
Victor Marte,0.0,martevi01
J.D. Martin,0.0,martijd01
Russell Martin,1.9,martiru01
Cristhian Martinez,0.0,marticr01
Fernando Martinez*,-0.2,martife02
Joe Martinez*,0.0,martijo07
Osvaldo Martínez,0.2,martios01
Victor Martinez#,3.6,martivi01
Nick Masset,0.0,masseni01
Justin Masterson,0.0,masteju01
Frank Mata,0.0,matafr01
Marcos Mateo,0.0,mateoma01
Joe Mather,-0.4,mathejo02
Scott Mathieson,0.0,mathisc01
Doug Mathis,,mathido01
Jeff Mathis,0.0,mathije01
Hideki Matsui*,1.7,matsuhi01
Kazuo Matsui#,-0.8,matsuka01
Daisuke Matsuzaka,0.1,matsuda01
Gary Matthews#,-0.6,matthga02
Brian Matusz*,0.0,matusbr01
Joe Mauer*,5.9,mauerjo01
Justin Maxwell,0.2,maxweju01
Lucas May,-0.5,maylu01
Yunesky Maya,0.0,mayayu01
John Mayberry,0.2,maybejo02
Cameron Maybin,1.2,maybica01
Vin Mazzaro,-0.1,mazzavi01
Paul McAnulty*,-0.2,mcanupa01
Brian McCann*,3.6,mccanbr01
Kyle McClellan,0.0,mccleky01
Mike McClendon,0.1,mcclemi01
Mike McCoy,0.0,mccoymi01
Andrew McCutchen,3.8,mccutan01
Daniel McCutchen,-0.1,mccutda01
Darnell McDonald,1.1,mcdonda02
James McDonald*,-0.1,mcdonja03
John McDonald,1.1,mcdonjo03
Jake McGee*,,mcgeeja01
Casey McGehee,1.6,mcgehca01
Michael McKenry,-0.2,mckenmi01
Nate McLouth*,-2.7,mclouna01
Gil Meche,,mechegi01
Brandon Medders,0.0,meddebr01
Kris Medlen#,0.3,medlekr01
Evan Meek,0.1,meekev01
Jenrry Mejia,0.1,mejiaje01
Mark Melancon,0.0,melanma01
Kevin Mench,-0.4,menchke01
Adalberto Mendez,0.1,mendead01
Luis Mendoza,,mendolu01
Cla Meredith,0.0,meredcl01
Dan Meyer,0.0,meyerda02
Jason Michaels,0.9,michaja01
Kam Mickolio,,mickoka01
Jose Mijares*,0.0,mijarjo01
Aaron Miles#,0.0,milesaa01
Lastings Milledge,0.5,millela02
Andrew Miller*,-0.1,millean01
Corky Miller,0.0,milleco01
Jai Miller,-0.2,milleja04
Justin Miller,0.0,milleju01
Trever Miller,0.0,milletr02
Brad Mills,,millsbr02
Kevin Millwood,-0.1,millwke01
Mike Minor,-0.1,minormi01
Juan Miranda*,0.1,miranju01
Pat Misch,0.0,mischpa01
Russ Mitchell,-0.4,mitchru01
Sergio Mitre,0.0,mitrese01
Garrett Mock#,0.0,mockga01
Brian Moehler,-0.1,moehlbr01
Chad Moeller,-0.1,moellch01
Bengie Molina,-0.7,molinbe01
Gustavo Molina,-0.2,molingu01
José Molina,0.8,molinjo01
Yadier Molina,3.1,molinya01
Carlos Monasterios,-0.1,monasca01
Luis Montanez,-0.6,montalu01
Miguel Montero*,1.2,montemi01
Adam Moore,-0.5,mooread01
Scott Moore*,-0.5,mooresc02
Melvin Mora,0.0,morame01
Franklin Morales*,0.0,moralfr01
Jose Morales#,0.1,moraljo02
Kendrys Morales#,1.7,moralke01
Brent Morel,0.1,morelbr01
Mitch Moreland*,0.9,morelmi01
Nyjer Morgan*,-0.6,morgany01
Justin Morneau*,4.7,morneju01
Logan Morrison*,1.1,morrilo01
Brandon Morrow,0.0,morrobr01
Mike Morse,1.3,morsemi01
Clayton Mortensen,,mortecl01
Charlie Morton,-0.4,mortoch02
Guillermo Moscoso,,moscogu01
Dustin Moseley,,moseldu01
Brandon Moss*,-0.4,mossbr01
Guillermo Mota,0.0,motagu01
Jason Motte,0.0,motteja01
Jamie Moyer*,-0.1,moyerja01
Peter Moylan,0.0,moylape01
Edward Mujica,0.0,mujiced01
Kevin Mulvey,0.0,mulveke01
David Murphy*,2.6,murphda07
Donnie Murphy,0.7,murphdo01
Brett Myers,0.2,myersbr01
Xavier Nady,-1.0,nadyxa01
Mike Napoli,2.0,napolmi01
Chris Narveson*,0.8,narvech01
Daniel Nava#,0.2,navada01
Dioner Navarro#,0.0,navardi01
Oswaldo Navarro,-0.1,navaros01
Yamaico Navarro,-1.0,navarya01
Chris Nelson,-0.3,nelsoch01
Joe Nelson,0.0,nelsojo01
Pat Neshek#,,neshepa01
Fu-Te Ni*,0.0,nifu01
Mike Nickeas,-0.2,nickemi01
Jeff Niemann,-0.1,niemaje01
Jon Niese*,0.5,niesejo01
Fernando Nieve,0.0,nievefe01
Wil Nieves,-0.7,nievewi01
Dustin Nippert,0.0,nippedu01
Jayson Nix,0.6,nixja01
Laynce Nix*,1.3,nixla01
Ricky Nolasco,0.1,nolasri01
Jordan Norberto*,0.0,norbejo01
Bud Norris,0.1,norribu01
Iván Nova,0.0,novaiv01
Eduardo Núñez,0.0,nunezed02
Darren O'Day,0.0,odayda01
Eric O'Flaherty*,0.0,oflaher01
Sean O'Sullivan,0.0,osullse01
Trent Oeltjen*,-0.3,oeltjtr01
Alexi Ogando,0.1,ogandal01
Ross Ohlendorf,-0.2,ohlenro01
Will Ohman*,0.0,ohmanwi01
Augie Ojeda#,-0.4,ojedaau01
Hideki Okajima*,0.0,okajihi01
Andy Oliver*,0.0,olivean01
Darren Oliver,0.0,oliveda02
Miguel Olivo,2.5,olivomi01
Scott Olsen*,-0.2,olsensc01
Garrett Olson,0.0,olsonga01
Logan Ondrusek,-0.1,ondrulo01
Magglio Ordonez,1.3,ordonma01
David Ortiz*,2.8,ortizda01
Ramon Ortiz,-0.1,ortizra02
Russ Ortiz,0.0,ortizru01
Roy Oswalt,-0.2,oswalro01
Adam Ottavino#,-0.1,ottavad01
Lyle Overbay*,2.5,overbly01
Juan Carlos Oviedo,0.0,nunezle01
Micah Owings,0.2,owingmi01
Vicente Padilla,0.1,padilvi01
Ángel Pagán#,5.3,paganan01
Matt Pagnozzi,0.3,pagnoma01
Matt Palmer,,palmema01
Jonathan Papelbon,0.0,papeljo01
Chan Ho Park,0.0,parkch01
Bobby Parnell,0.0,parnebo01
Gerardo Parra*,0.5,parrage01
Manny Parra*,0.2,parrama01
John Parrish*,,parrijo01
Corey Patterson*,1.3,patteco01
Eric Patterson*,0.6,patteer01
Troy Patton#,,pattotr01
Xavier Paul*,-0.4,paulxa01
David Pauley,0.0,pauleda01
Felipe Paulino,0.3,paulife01
Ronny Paulino,0.9,pauliro01
Carl Pavano,0.2,pavanca01
Jay Payton,0.2,paytoja01
Steve Pearce,0.3,pearcst01
Jake Peavy,0.0,peavyja01
Dustin Pedroia,3.2,pedrodu01
Mike Pelfrey,-0.3,pelfrmi01
Brayan Peña#,0.4,penabr01
Carlos Pena*,2.1,penaca01
Ramiro Pena#,0.3,penara02
Tony Pena,0.0,penato03
Hunter Pence,3.0,pencehu01
Hayden Penn,0.0,pennha01
Cliff Pennington#,4.5,pennicl01
Brad Penny,0.1,pennybr01
Jhonny Peralta,2.6,peraljh01
Joel Peralta,0.0,peraljo01
Luis Perdomo,0.0,perdolu01
Chris Perez,0.0,perezch01
Oliver Pérez*,0.1,perezol01
Rafael Perez*,0.0,perezra01
Glen Perkins*,,perkigl01
Ryan Perry,0.0,perryry01
Vinnie Pestano,,pestavi01
Bryan Petersen*,-0.4,peterbr01
Andy Pettitte*,0.0,pettian01
Brandon Phillips,3.9,phillbr01
Paul Phillips,-0.1,phillpa01
Felix Pie*,0.9,piefe01
Juan Pierre*,0.3,pierrju01
A.J. Pierzynski*,1.0,pierza.01
Joel Pineiro,0.0,pineijo01
Renyel Pinto*,0.0,pintore01
Trevor Plouffe,-0.6,plouftr01
Scott Podsednik*,-0.6,podsesc01
Placido Polanco,3.2,polanpl01
Rick Porcello,0.0,porceri01
Jorge Posada#,1.3,posadjo01
Buster Posey,3.9,poseybu01
Landon Powell#,-0.2,powella01
Martín Prado,5.0,pradoma01
Alex Presley*,-0.2,preslal01
David Price*,0.0,priceda01
Scott Proctor,0.0,proctsc01
Albert Pujols,7.5,pujolal01
Nick Punto#,1.8,puntoni01
David Purcey*,0.0,purceda01
J.J. Putz,0.0,putzjj01
Chad Qualls,0.0,quallch01
Carlos Quentin,0.4,quentca01
Robb Quinlan,-0.4,quinlro01
Humberto Quintero,0.3,quinthu01
Guillermo Quiroz,0.0,quirogu01
Ryan Raburn,1.9,raburry01
Alexei Ramírez,5.6,ramiral03
Aramis Ramirez,-0.7,ramirar01
Edwar Ramirez,,ramired01
Hanley Ramirez,2.8,ramirha01
Manny Ramirez,0.9,ramirma02
Max Ramirez,0.1,ramirma03
Ramon Ramirez,0.0,ramirra02
Cesár Ramos*,0.0,ramosce01
Wilson Ramos,0.3,ramoswi01
Cody Ransom,0.1,ransoco01
Clay Rapada,,rapadcl01
Colby Rasmus*,3.6,rasmuco01
Jon Rauch,0.0,rauchjo01
Chris Ray,0.0,raych01
Robert Ray,,rayro01
John Raynor,-0.1,raynojo01
Josh Reddick*,-0.1,reddijo01
Mike Redmond,-0.2,redmomi01
Jeremy Reed*,-0.1,reedje03
Nolan Reimold,-0.3,reimono01
Edgar Renteria,0.6,renteed01
Jason Repko,0.9,repkoja01
Chris Resop,0.0,resopch01
Ben Revere*,-0.4,reverbe01
Dennys Reyes,0.0,reyesde01
Jo-Jo Reyes*,0.0,reyesjo03
José Reyes#,2.3,reyesjo01
Mark Reynolds,0.4,reynoma01
Matt Reynolds*,0.0,reynoma02
Arthur Rhodes*,0.0,rhodear01
Will Rhymes*,1.0,rhymewi01
Clayton Richard*,0.2,richacl01
Dustin Richardson*,0.0,richadu02
Juan Rincon,0.0,rincoju01
Royce Ring*,,ringro01
Alex Rios,3.3,riosal01
David Riske,0.0,riskeda01
Juan Rivera,-0.2,riverju01
Mariano Rivera,0.0,riverma01
Mike Rivera,-0.2,rivermi02
Saul Rivera#,0.0,riversa01
Brian Roberts#,1.2,roberbr01
Ryan Roberts,-0.1,roberry01
David Robertson,0.0,roberda08
Nate Robertson,0.1,roberna01
Fernando Rodney,0.0,rodnefe01
Alex Rodriguez,4.2,rodrial01
Francisco Rodríguez,0.0,rodrifr03
Francisco Rodriguez,0.0,rodrifr04
Henry Rodriguez,,rodrihe03
Ivan Rodriguez,-0.1,rodriiv01
Rafael Rodriguez,0.0,rodrira01
Sean Rodríguez,3.7,rodrise01
Wandy Rodriguez#,0.3,rodriwa01
Josh Roenicke,0.0,roenijo01
Esmil Rogers,0.0,rogeres01
Mark Rogers,0.0,rogerma01
Ryan Rohlinger,-0.2,rohliry01
Scott Rolen,4.1,rolensc01
Jimmy Rollins#,2.0,rolliji01
J.C. Romero#,0.0,romerj.01
Niuman Romero#,-0.1,romerni01
Ricky Romero,-0.1,romerri01
Andrew Romine#,-0.3,rominan01
Sergio Romo,0.0,romose01
Carlos Rosa,0.0,rosaca01
Adam Rosales,1.7,rosalad01
Leo Rosales,0.0,rosalle01
Sandy Rosario,0.0,rosarsa02
Cody Ross,1.8,rossco01
David Ross,1.2,rossda01
Tyson Ross,0.0,rossty01
Aaron Rowand,0.5,rowanaa01
Ryan Rowland-Smith*,-0.1,rowlary01
Carlos Ruiz,4.0,ruizca01
Randy Ruiz,-0.4,ruizra01
Dan Runzler*,0.0,runzlda01
Josh Rupe,,rupejo01
Adam Russell,0.0,russead01
James Russell*,-0.1,russeja02
Kevin Russo,0.1,russoke01
Rusty Ryal,-0.4,ryalru01
Brendan Ryan,2.1,ryanbr01
Mike Ryan*,-0.3,ryanmi03
Marc Rzepczynski*,,rzepcma01
CC Sabathia*,0.0,sabatc.01
Takashi Saito*,0.0,saitota01
Fernando Salas,0.0,salasfe01
Oscar Salazar,-0.4,salazos01
Chris Sale*,,salech01
Jarrod Saltalamacchia#,-0.1,saltaja01
Jeff Samardzija,0.1,samarje01
Chris Sampson,0.0,sampsch01
Alex Sanabia,-0.3,sanabal01
Brian Sanches,0.0,sanchbr01
Angel Sanchez,-1.0,sanchan02
Aníbal Sánchez,-0.3,sanchan01
Freddy Sanchez,1.9,sanchfr01
Gaby Sanchez,0.4,sanchga01
Jonathan Sánchez*,-0.1,sanchjo01
Romulo Sanchez,,sanchro01
Pablo Sandoval#,1.5,sandopa01
Carlos Santana#,2.0,santaca01
Ervin Santana,,santaer01
Johan Santana*,0.2,santajo02
Ramon Santiago#,2.7,santira01
Sergio Santos,0.0,santose01
Dane Sardinha,0.0,sardida01
Joe Saunders*,-0.1,saundjo01
Michael Saunders*,0.7,saundmi01
Jay Sborz,0.0,sborzja01
Bobby Scales#,0.2,scalebo01
Max Scherzer,0.0,scherma01
Nate Schierholtz*,0.5,schiena01
Daniel Schlereth*,,schleda01
Travis Schlichting,0.0,schlitr01
Brian Schlitter,0.0,schlibr01
Konrad Schmidt,-0.1,schmiko01
Brian Schneider*,0.5,schnebr01
Scott Schoeneweis*,,schoesc01
Skip Schumaker*,-0.5,schumsk01
Luke Scott*,3.8,scottlu01
Marco Scutaro,2.6,scutama01
Chris Seddon*,,seddoch01
Ryan Shealy,-0.2,shealry01
Ben Sheets,0.1,sheetbe01
George Sherrill*,0.0,sherrge01
James Shields,0.0,shielja02
Scot Shields,0.0,shielsc01
Kelly Shoppach,0.2,shoppke01
Carlos Silva,-0.3,silvaca01
Alfredo Simon,0.0,simonal01
Brett Sinkbeil,0.0,sinkbbr01
Tony Sipp*,0.0,sippto01
Grady Sizemore*,-0.4,sizemgr01
Scott Sizemore,-0.7,sizemsc01
Anthony Slama,,slamaan01
Doug Slaten*,0.0,slatedo01
Kevin Slowey,0.0,sloweke01
Chris Smith,0.0,smithch08
Greg Smith*,0.2,smithgr02
Joe Smith,0.0,smithjo05
Jordan Smith,0.0,smithjo06
Seth Smith*,0.4,smithse01
Justin Smoak#,-0.4,smoakju01
Ian Snell,0.0,snellia01
Travis Snider*,0.8,snidetr01
Brad Snyder*,0.0,snydebr02
Brandon Snyder,0.0,snydebr03
Chris Snyder,0.1,snydech02
Eric Sogard*,0.2,sogarer01
Andy Sonnanstine*,0.0,sonnaan01
Joakim Soria,0.0,soriajo01
Alfonso Soriano,0.8,soriaal01
Rafael Soriano,0.0,soriara01
Jorge Sosa,0.1,sosajo02
Geovany Soto,3.3,sotoge01
Denard Span*,1.7,spande01
Ryan Spilborghs,-0.3,spilbry01
Russ Springer,0.0,sprinru01
Max St. Pierre,-0.1,stpiema01
Matt Stairs*,0.4,stairma01
Craig Stammen,0.2,stammcr01
Daniel Stange,0.0,stangda01
Giancarlo Stanton,2.8,stantmi03
Tim Stauffer,0.2,staufti01
Nick Stavinoha,-0.2,stavini01
Adam Stern*,-0.2,sternad01
Mitch Stetter*,0.0,stettmi01
Jeff Stevens,0.0,steveje01
Chris Stewart,0.0,stewach01
Ian Stewart*,2.1,stewaia01
Brian Stokes,,stokebr01
Tobi Stoner#,0.0,stoneto01
Drew Storen#,0.1,storedr01
Stephen Strasburg,-0.2,strasst01
Huston Street,0.0,streehu01
Scott Strickland,0.0,stricsc02
Pedro Strop,,stroppe01
Drew Stubbs,3.0,stubbdr01
Cory Sullivan*,-0.6,sullico01
Jeff Suppan,0.2,suppaje01
Drew Sutton#,0.4,suttodr01
Ichiro Suzuki*,3.7,suzukic01
Kurt Suzuki,2.2,suzukku01
Brian Sweeney,0.0,sweenbr01
Mike Sweeney,0.6,sweenmi01
Ryan Sweeney*,1.0,sweenry01
Nick Swisher#,3.8,swishni01
Jose Tabata,0.8,tabatjo01
Hisanori Takahashi*,-0.2,takahhi01
Mitch Talbot,-0.1,talbomi01
Brian Tallet*,0.0,tallebr01
Taylor Tankersley*,0.0,tanketa01
Jack Taschner*,0.1,taschja01
Fernando Tatís,0.0,tatisfe01
Craig Tatum,0.3,tatumcr01
Willy Taveras,-0.3,taverwi01
Taylor Teagarden,-0.1,teagata01
Mark Teahen*,-1.1,teahema01
Mark Teixeira#,4.1,teixema01
Miguel Tejada,0.6,tejadmi01
Rubén Tejada,-0.3,tejadru01
Rob Tejeda,0.0,tejedro01
Kanekoa Texeira,0.0,texeika01
Marcus Thames,0.5,thamema01
Joe Thatcher*,0.0,thatcjo01
Dale Thayer,,thayeda01
Ryan Theriot,0.5,theriry01
Josh Thole*,0.6,tholejo01
Brad Thomas*,0.0,thomabr01
Justin Thomas*,0.0,thomaju01
Jim Thome*,3.6,thomeji01
Brad Thompson,,thompbr01
Rich Thompson,,thompri03
Matt Thornton*,0.0,thornma01
Erick Threets*,,threeer01
Chris Tillman,0.0,tillmch01
Jess Todd,,toddje01
Matt Tolbert#,0.3,tolbema01
Steven Tolleson,0.2,tollest01
Josh Tomlin,,tomlijo01
Yorvit Torrealba,2.6,torreyo01
Andres Torres#,5.3,torrean02
Carlos Torres,,torreca01
J.R. Towles,-0.2,towlejr01
Chad Tracy*,-0.3,tracych01
Matt Treanor,-0.4,treanma01
Ramon Troncoso,0.0,troncra01
Mark Trumbo,-0.1,trumbma01
Matt Tuiasosopo,-0.7,tuiasma01
Troy Tulowitzki,6.7,tulowtr01
Justin Turner,-0.5,turneju01
Koji Uehara,,ueharko01
Dan Uggla,4.3,ugglada01
B.J. Upton,1.4,uptonbj01
Justin Upton,1.6,uptonju01
Juan Uribe,1.5,uribeju01
Chase Utley*,5.8,utleych01
Chris Valaika,0.0,valaich01
Luis Valbuena*,0.0,valbulu01
Raúl Valdés*,0.4,valdera02
César Valdez,-0.1,valdece01
Merkin Valdez,,valdeme01
Wilson Valdez,0.8,valdewi01
Danny Valencia,2.0,valenda01
Jose Valverde,0.0,valvejo01
Rick van den Hurk,0.0,vanderi01
Jonathan Van Every*,0.0,vanevjo01
Claudio Vargas,0.0,vargacl01
Jason Vargas*,-0.1,vargaja01
Jason Varitek#,0.7,varitja01
Anthony Varvaro,,varvaan01
Esmerling Vasquez,0.0,vasques01
Javier Vazquez,0.1,vazquja01
Eugenio Velez#,0.0,velezeu01
Will Venable*,2.7,venabwi01
Jonny Venters*,0.0,ventejo01
Jose Veras,0.0,verasjo01
Justin Verlander,-0.1,verlaju01
Dayán Viciedo,0.2,vicieda01
Shane Victorino,3.0,victosh01
Carlos Villanueva,-0.1,villaca01
Henry Villar,0.0,villahe02
Pedro Viola,,violape01
Omar Vizquel#,0.2,vizquom01
Edinson Volquez,0.0,volqued01
Chris Volstad,-0.4,volstch01
Joey Votto*,7.0,vottojo01
Billy Wagner*,0.0,wagnebi02
Adam Wainwright,0.2,wainwad01
Tim Wakefield,0.0,wakefti01
Jordan Walden,,waldejo01
Neil Walker#,2.1,walkene01
Tyler Walker,0.0,walkety01
Brett Wallace*,-0.1,wallabr01
P.J. Walters,-0.1,waltepj01
Matt Watson*,0.1,watsoma02
Jeff Weaver,0.0,weaveje01
Jered Weaver,0.1,weaveje02
Ryan Webb,0.0,webbry01
Rickie Weeks,3.6,weeksri01
Robbie Weinhardt,,weinhro01
Todd Wellemeyer,-0.2,welleto01
Casper Wells,1.5,wellsca01
Randy Wells,0.1,wellsra01
Vernon Wells,4.0,wellsve01
Jayson Werth,4.5,werthja01
Sean West,0.0,westse01
Jake Westbrook,-0.1,westbja01
Dan Wheeler,0.0,wheelda01
Sean White,0.0,whitese02
Eli Whiteside,0.4,whiteel03
Matt Wieters#,2.6,wietema01
Ty Wigginton,1.1,wiggity01
Randy Williams*,0.0,willira01
Josh Willingham,2.8,willijo03
Dontrelle Willis*,0.1,willido03
Reggie Willits#,0.7,willire03
Bobby Wilson,0.5,wilsobo02
Brian Wilson,-0.1,wilsobr01
C.J. Wilson*,-0.1,wilsocj01
Jack Wilson,1.3,wilsoja02
Josh Wilson,0.8,wilsojo03
Randy Winn#,-0.9,winnra01
Dewayne Wise*,0.0,wisede01
Randy Wolf*,0.6,wolfra02
Ross Wolf,,wolfro01
Blake Wood,0.0,woodbl01
Brandon Wood,-1.5,woodbr01
Kerry Wood,0.0,woodke02
Tim Wood,0.0,woodti01
Travis Wood,0.2,woodtr01
Chris Woodward,-0.2,woodwch01
Vance Worley,0.0,worleva01
Danny Worth,0.2,worthda01
David Wright,2.8,wrighda03
Jamey Wright,,wrighja01
Wesley Wright,-0.1,wrighwe01
Michael Wuertz,0.0,wuertmi01
Kevin Youkilis,5.4,youklke01
Chris Young,0.0,youngch03
Chris Young,5.4,youngch04
Delmon Young,1.9,youngde03
Delwyn Young#,-0.3,youngde04
Eric Young Jr.#,-0.2,younger03
Michael Young,1.9,youngmi02
Mike Zagurski*,0.0,zagurmi01
Carlos Zambrano#,0.3,zambrca01
Gregg Zaun#,0.5,zaungr01
Lance Zawadzki#,-0.2,zawadla01
Brad Ziegler,0.0,zieglbr01
Ryan Zimmerman,6.2,zimmery01
Jordan Zimmermann,0.0,zimmejo02
Barry Zito*,-0.2,zitoba01
Ben Zobrist#,4.6,zobribe01
Joel Zumaya,0.0,zumayjo01