Name,WAR,Name-additional
,,-9999
Andy Abad*,0.0,abadan01
Jeff Abbott,0.0,abbotje01
Kurt Abbott,0.2,abbotku01
Paul Abbott,0.0,abbotpa01
Brent Abernathy,1.2,abernbr01
Bobby Abreu*,5.2,abreubo01
Jose Acevedo,-0.2,acevejo01
Juan Acevedo,0.1,aceveju01
Terry Adams,-0.2,adamste01
Benny Agbayani,-0.9,agbaybe01
Kurt Ainsworth,0.0,ainswku01
Israel Alcantara,-0.3,alcanis01
Cory Aldridge*,-0.2,aldrico01
Antonio Alfonseca,0.0,alfonan01
Edgardo Alfonzo,1.6,alfoned01
Luis Alicea#,0.3,alicelu01
Chad Allen,0.0,allench01
Armando Almanza*,0.0,almanar01
Carlos Almanzar,0.0,almanca01
Erick Almonte,0.1,almoner01
Roberto Alomar#,7.3,alomaro01
Sandy Alomar,0.2,alomasa02
Moises Alou,2.9,aloumo01
Brady Anderson*,-0.3,anderbr01
Brian Anderson#,-0.3,anderbr02
Garret Anderson*,2.7,anderga01
Jimmy Anderson*,0.3,anderji02
Marlon Anderson*,2.9,anderma02
Matt Anderson,0.0,anderma01
Rick Ankiel*,-0.1,ankieri01
Kevin Appier,-0.1,appieke01
Alex Arias,0.1,ariasal01
Tony Armas,-0.2,armasto02
Rolando Arrojo,-0.1,arrojro01
Bronson Arroyo,-0.2,arroybr01
Andy Ashby,0.1,ashbyan01
Pedro Astacio,-0.5,astacpe01
Justin Atchley*,0.0,atchlju01
Rich Aurilia,6.7,aurilri01
Brad Ausmus,0.0,ausmubr01
Jeff Austin,0.0,austije01
Bruce Aven,0.2,avenbr01
Manny Aybar,0.3,aybarma01
Mike Bacsik*,,bacsimi02
Benito Baez*,0.0,baezbe01
Danys Báez,0.0,baezda01
Jeff Bagwell,5.8,bagweje01
Cory Bailey,0.0,baileco01
Harold Baines*,-1.2,baineha01
Paul Bako*,-0.1,bakopa01
James Baldwin,-0.2,baldwja01
John Bale*,,balejo01
Grant Balfour,,balfogr01
Willie Banks,,bankswi01
Rod Barajas,-1.0,barajro01
Lorenzo Barcelo,,barcelo01
Glen Barker#,-0.4,barkegl01
Andy Barkett*,0.2,barkean01
John Barnes,-0.3,barnejo01
Larry Barnes*,-0.6,barnela01
Michael Barrett,-1.2,barremi01
Kimera Bartee#,-0.4,barteki01
Miguel Batista,-0.3,batismi01
Tony Batista,2.1,batisto01
Rick Bauer,,bauerri01
Danny Bautista,0.7,bautida01
Rod Beck,0.0,beckro01
Josh Beckett,0.1,beckejo02
Joe Beimel*,0.2,beimejo01
Kevin Beirne*,,beirnke01
Todd Belitz*,0.0,belitto01
David Bell,3.3,bellda01
Derek Bell,-1.2,bellde01
Jay Bell,0.4,bellja01
Rob Bell,0.0,bellro01
Mark Bellhorn#,-0.8,bellhma01
Ronnie Belliard,3.5,belliro01
Clay Bellinger,-0.5,bellicl01
Carlos Beltrán#,6.5,beltrca01
Adrián Beltré,0.8,beltrad01
Marvin Benard*,1.0,benarma01
Alan Benes,0.0,benesal01
Andy Benes,0.0,benesan01
Armando Benitez,0.0,benitar01
Gary Bennett,-0.1,bennega01
Joaquín Benoit,,benoijo01
Jason Bere,0.2,bereja01
Dave Berg,0.0,bergda01
Brandon Berger,0.3,bergebr01
Peter Bergeron*,-1.9,bergepe01
Lance Berkman#,6.5,berkmla01
Adam Bernero,,bernead01
Angel Berroa,0.2,berroan01
Wilson Betemit#,0.0,betemwi01
Dante Bichette,0.5,bicheda01
Rocky Biddle,0.0,biddlro01
Nick Bierbrodt*,0.4,bierbni01
Larry Bigbie*,0.0,bigbila01
Craig Biggio,3.3,biggicr01
Willie Blair,0.0,blairwi01
Casey Blake,0.0,blakeca01
Henry Blanco,0.0,blanche01
Matt Blank*,0.2,blankma01
Geoff Blum#,-1.1,blumge01
Hiram Bocachica,-0.2,bocachi01
Brian Boehringer#,0.0,boehrbr01
Tim Bogar,0.3,bogarti01
Brian Bohanon*,0.4,bohanbr01
Barry Bonds*,11.9,bondsba01
Ricky Bones,0.0,bonesri01
Bobby Bonilla#,-1.0,bonilbo01
Aaron Boone,1.7,booneaa01
Bret Boone,8.8,boonebr01
Pedro Borbon,0.0,borbope02
Pat Borders,0.1,bordepa01
Mike Bordick,0.7,bordimi01
Dave Borkowski,0.0,borkoda01
Toby Borland,,borlato02
Joe Borowski,0.0,borowjo01
Ricky Bottalico*,0.1,bottari01
Kent Bottenfield,0.0,botteke01
Brian Bowles,,bowlebr01
Chad Bradford,0.0,bradfch01
Milton Bradley#,-0.5,bradlmi01
Darren Bragg*,0.0,braggda01
Jeff Branson*,-0.1,bransje01
Jeff Brantley,,brantje01
Russell Branyan*,0.6,branyru01
Leslie Brea,0.0,breale01
Chris Brock,0.1,brockch01
Rico Brogna*,-1.0,brognri01
Troy Brohawn*,0.0,brohatr01
Scott Brosius,2.1,brosisc01
Jim Brower,0.2,broweji01
Adrian Brown#,-0.1,brownad01
Dee Brown*,-0.4,brownde02
Emil Brown,0.0,brownem01
Kevin Brown,0.1,brownke01
Kevin Brown,0.0,brownke04
Roosevelt Brown*,0.3,brownro02
Cliff Brumbaugh,-0.8,brumbcl01
Brian Buchanan,0.7,buchabr01
Mike Buddie,0.0,buddimi01
Mark Buehrle*,0.0,buehrma01
Damon Buford,-0.4,buforda01
Jay Buhner,0.1,buhneja01
Dave Burba,0.1,burbada01
Jamie Burke,0.0,burkeja02
John Burkett,-0.4,burkejo03
Morgan Burkhart#,-0.4,burkhmo01
Ellis Burks,3.0,burksel01
A.J. Burnett,-0.3,burnea.01
Jeromy Burnitz*,2.7,burnije01
Pat Burrell,1.1,burrepa01
Homer Bush,1.2,bushho01
Brent Butler,-0.3,butlebr02
Paul Byrd,0.0,byrdpa01
Eric Byrnes,0.3,byrneer01
Jolbert Cabrera,0.8,cabrejo02
Jose Cabrera,0.0,cabrejo01
Orlando Cabrera,3.6,cabreor01
Miguel Cairo,0.7,cairomi01
Mickey Callaway,,callami01
Mike Cameron,5.9,camermi01
Ken Caminiti#,-0.7,caminke01
Jose Canseco,0.8,cansejo01
Javier Cardona,0.3,cardoja01
Chris Carpenter,0.0,carpech01
Giovanni Carrara,0.1,carragi01
Hector Carrasco,0.0,carrahe01
Raul Casanova#,0.2,casanra01
Sean Casey*,1.0,caseyse01
Vinny Castilla,1.4,castivi02
Alberto Castillo,-0.2,castial01
Carlos Castillo,,castica02
Frank Castillo,0.0,castifr01
Luis Castillo#,1.5,castilu01
Juan Castro,-2.0,castrju01
Ramon Castro,-0.1,castrra01
Frank Catalanotto*,4.3,catalfr01
Roger Cedeno#,0.8,cedenro01
Shawn Chacon,-0.6,chacosh01
Norm Charlton#,0.0,charlno01
Endy Chavez*,-0.8,chaveen01
Eric Chavez*,6.1,chaveer01
Bruce Chen*,-0.3,chenbr01
Scott Chiasson,0.0,chiassc01
Randy Choate*,0.0,choatra01
Bobby Chouinard,0.0,chouibo01
McKay Christensen*,0.1,chrismc01
Ryan Christenson,-0.1,chrisry01
Jason Christiansen,0.0,chrisja01
Tim Christman*,0.0,christi01
Alex Cintron#,0.0,cintral01
Jeff Cirillo,4.5,cirilje01
Stubby Clapp*,-0.1,clappst01
Brady Clark,0.2,clarkbr02
Jermaine Clark*,0.0,clarkje02
Tony Clark#,1.7,clarkto02
Royce Clayton,1.6,claytro01
Roger Clemens,0.0,clemero02
Matt Clement,-0.2,clemema01
Pasqual Coco,,cocopa01
Tony Cogan*,0.0,coganto01
Dave Coggin,-0.1,coggida01
Mike Colangelo,-0.5,colanmi01
Greg Colbrunn,0.3,colbrgr01
Michael Coleman,-0.6,colemmi01
Lou Collier,0.4,collilo01
Jesus Colome,,colomje01
Bartolo Colon,0.0,colonba01
David Cone*,0.0,coneda01
Jeff Conine,2.9,coninje01
Jason Conti*,0.0,contija01
Dennis Cook*,0.0,cookde01
Mike Coolbaugh,-0.2,coolbmi01
Ron Coomer,-0.7,coomero01
Brian Cooper,,coopebr01
Rocky Coppinger,-0.1,coppiro01
Alex Cora*,-0.5,coraal01
Francisco Cordero,,cordefr01
Wil Cordero,-0.9,cordewi01
Marty Cordova,2.6,cordoma01
Mark Corey,0.0,coreyma02
Rheal Cormier*,0.0,cormirh01
Nate Cornejo,,cornena01
Humberto Cota,-0.1,cotahu01
Craig Counsell*,1.7,counscr01
Steve Cox*,0.4,coxst01
Tim Crabtree,0.0,crabtti01
Paxton Crawford,,crawfpa02
Joe Crede,-0.4,credejo01
Doug Creek*,0.0,creekdo01
Cesar Crespo#,-0.4,crespce01
Felipe Crespo#,-0.5,crespfe01
Jack Cressend,0.0,cressja01
D.T. Cromer*,0.2,cromed.01
Deivi Cruz,-0.3,cruzde01
Jacob Cruz*,-1.0,cruzja01
José Cruz#,2.2,cruzjo02
Juan Cruz,-0.2,cruzju02
Nelson Cruz,0.0,cruzne01
Darwin Cubillan,0.0,cubilda01
Michael Cuddyer,0.0,cuddymi01
Midre Cummings*,0.0,cummimi01
Will Cunnane,-0.1,cunnawi01
Chad Curtis,0.3,curtich01
Jack Cust*,0.0,custja01
Jeff D'Amico,0.0,d'amije01
Omar Daal*,0.3,daalom01
Mark Dalesandro,0.0,dalesma01
Johnny Damon*,2.4,damonjo01
Vic Darensbourg*,0.0,darenvi01
Mike Darr*,1.3,darrmi02
Brian Daubach*,2.1,daubabr01
Jeff DaVanon#,-0.5,davanje02
Joe Davenport,0.1,davenjo01
Tom Davey,0.0,daveyto01
Ben Davis#,1.3,davisbe01
Doug Davis,-0.1,davisdo02
Eric Davis,-0.3,daviser01
Kane Davis,-0.1,daviska01
Lance Davis,-0.3,davisla01
Russ Davis,-0.1,davisru01
Tomas de la Rosa,,delarto01
Valerio De Los Santos*,0.0,delosva01
Mike DeJean,0.0,dejeami01
Carlos Delgado*,4.5,delgaca01
Wilson Delgado#,-0.2,delgawi01
David Dellucci*,1.0,delluda01
Ryan Dempster,-0.7,dempsry01
Mark DeRosa,0.9,derosma01
Delino DeShields*,0.4,deshide01
Elmer Dessens,0.2,desseel01
Matt DeWitt,,dewitma01
Einar Díaz,2.8,diazei01
R.A. Dickey,,dicker.01
Mike Difelice,-0.4,difelmi01
Craig Dingman,0.0,dingmcr01
Chris Donnels*,-0.1,donnech01
Octavio Dotel,-0.1,doteloc01
Sean Douglass,,douglse01
Kelly Dransfeldt,-0.1,dranske01
Darren Dreifort,0.2,dreifda01
Ryan Drese,,dresery01
J.D. Drew*,5.5,drewj.01
Tim Drew,,drewti01
Rob Ducey*,0.3,duceyro01
Justin Duchscherer,,duchsju01
Brandon Duckworth,0.2,duckwbr01
Courtney Duncan*,0.0,duncaco01
Adam Dunn*,2.2,dunnad01
Shawon Dunston,1.5,dunstsh01
Todd Dunwoody*,0.1,dunwoto01
Erubiel Durazo*,1.2,durazer01
Chad Durbin,0.0,durbich01
Ray Durham#,4.3,durhara01
Mike Duvall,,duvalmi01
Jermaine Dye,2.6,dyeje01
Damion Easley,2.7,easleda01
Adam Eaton,-0.1,eatonad01
Angel Echevarria,-0.5,echevan01
David Eckstein,4.2,eckstda01
Jim Edmonds*,5.9,edmonji01
Joey Eischen*,0.0,eischjo01
Scott Elarton,-0.3,elartsc01
Cal Eldred,,eldreca01
Robert Ellis,-0.1,ellisro02
Alan Embree*,0.0,embreal01
Juan Encarnacion,-0.4,encarju01
Mario Encarnacion,-0.4,encarma01
Todd Erdos,,erdosto01
Darin Erstad*,2.9,erstada01
Alex Escobar,-0.4,escobal01
Kelvim Escobar,0.0,escobke01
Bobby Estalella,0.4,estalbo02
Shawn Estes,-0.2,estessh01
Horacio Estrada*,0.0,estraho01
Johnny Estrada#,-0.8,estrajo01
Tony Eusebio,0.1,eusebto01
Adam Everett,-0.1,everead01
Carl Everett#,1.1,evereca01
Scott Eyre*,,eyresc01
Jorge Fabregas*,-0.4,fabrejo01
Kyle Farnsworth,0.0,farnsky01
Sal Fasano,-0.1,fasansa01
Jeff Fassero*,0.0,fasseje01
Carlos Febles,0.0,febleca01
Pedro Feliz,-1.4,felizpe01
Jared Fernandez,0.0,fernaja01
Jose Fernandez,-0.6,fernajo01
Osvaldo Fernandez,-0.2,fernaos01
Tony Fernandez#,-0.3,fernato01
Mike Fetters,0.0,fettemi01
Robert Fick*,2.4,fickro01
Luis Figueroa#,0.0,figuelu01
Nelson Figueroa#,0.2,figuene01
Jeremy Fikac,0.0,fikacje01
Bob File,0.0,filebo01
Chuck Finley*,,finlech01
Steve Finley*,0.9,finlest01
Tony Fiore,,fioreto01
John Flaherty,-0.9,flahejo01
Darrin Fletcher*,0.0,fletcda01
Bryce Florie,0.0,floribr01
Cliff Floyd*,6.6,floydcl01
Josh Fogg,,foggjo01
P.J. Forbes,0.0,forbep.01
Brook Fordyce,-0.6,fordybr01
Casey Fossum*,,fossuca01
Kevin Foster,0.0,fosteke01
Kris Foster,,fostekr01
Keith Foulke,0.0,foulkke01
Andy Fox*,0.1,foxan01
Chad Fox,0.0,foxch02
John Franco*,0.0,francjo01
Julio Franco,0.8,francju01
Ryan Franklin,0.0,frankry01
Wayne Franklin*,0.0,frankwa01
John Frascatore,,frascjo01
Ryan Freel,0.0,freelry01
Jeff Frye,0.0,fryeje01
Travis Fryman,-1.1,frymatr01
Brian Fuentes*,0.0,fuentbr01
Brad Fullmer*,1.1,fullmbr01
Aaron Fultz*,0.1,fultzaa01
Rafael Furcal#,0.2,furcara02
Mike Fyhrie,0.0,fyhrimi01
Eric Gagne,0.1,gagneer01
Andres Galarraga,0.1,galaran01
Gus Gandarillas,0.0,gandagu01
Ron Gant,0.4,gantro01
Rich Garces,-0.1,garceri01
Freddy Garcia,0.0,garcifr03
Jesse Garcia,0.0,garcije01
Karim Garcia*,0.1,garcika01
Nomar Garciaparra,0.5,garcino01
Mark Gardner,-0.3,gardnma01
Jon Garland,0.0,garlajo01
Chris George*,,georgch02
Jason Giambi*,9.2,giambja01
Jeremy Giambi*,1.0,giambje01
Jay Gibbons*,0.9,gibboja01
Benji Gil,1.4,gilbe01
Geronimo Gil,0.1,gilge01
Brian Giles*,5.3,gilesbr02
Marcus Giles,0.6,gilesma01
Bernard Gilkey,-0.3,gilkebe01
Keith Ginter,,ginteke01
Matt Ginter,0.0,gintema01
Charles Gipson,0.1,gipsoch01
Joe Girardi,0.9,girarjo01
Doug Glanville,2.1,glanvdo01
Troy Glaus,5.2,glaustr01
Tom Glavine*,0.0,glavito02
Gary Glover,0.0,glovega01
Ryan Glynn,,glynnry01
Wayne Gomes,0.1,gomeswa01
Chris Gomez,0.3,gomezch02
Alex Gonzalez,2.0,gonzaal01
Alex Gonzalez,-0.1,gonzaal02
Dicky Gonzalez,-0.1,gonzadi01
Juan Gonzalez,4.4,gonzaju03
Luis Gonzalez*,7.9,gonzalu01
Raul Gonzalez,0.0,gonzara01
Wiki Gonzalez,1.0,gonzawi01
Tom Goodwin*,-0.5,goodwto01
Tom Gordon,0.0,gordoto01
Mark Grace*,2.4,gracema01
Tony Graffanino,1.3,graffto01
Danny Graves,0.1,graveda01
Craig Grebeck,-0.8,grebecr01
Shawn Green*,7.0,greensh01
Steve Green,,greenst01
Todd Greene,-0.9,greento02
Rusty Greer*,0.3,greerru01
Ben Grieve*,1.4,grievbe01
Ken Griffey Jr.*,1.9,griffke02
Jason Grilli,0.2,grillja01
Jason Grimsley,0.0,grimsja01
Marquis Grissom,-1.1,grissma02
Buddy Groom*,0.0,groombu01
Mark Grudzielanek,1.5,grudzma01
Eddie Guardado,0.0,guarded01
Vladimir Guerrero,4.9,guerrvl01
Wilton Guerrero#,-0.1,guerrwi01
Carlos Guillen#,3.3,guillca01
Jose Guillen,0.7,guilljo01
Mike Gulan,-0.1,gulanmi01
Mark Guthrie,0.0,guthrma01
Ricky Gutierrez,2.3,gutieri01
Cristian Guzman#,4.8,guzmacr01
Edwards Guzman*,-0.4,guzmaed01
Geraldo Guzman,0.0,guzmage01
Tony Gwynn*,0.6,gwynnto01
Luther Hackman,0.0,hackmlu01
Jerry Hairston,0.8,hairsje02
John Halama*,0.0,halamjo01
Toby Hall,1.0,hallto02
Roy Halladay,0.0,hallaro01
Shane Halter,3.3,haltesh01
Darryl Hamilton*,-0.4,hamilda02
Joey Hamilton,0.0,hamiljo02
Jeffrey Hammonds,0.7,hammoje01
Mike Hampton,1.0,hamptmi01
Dave Hansen*,0.3,hanseda01
Pete Harnisch#,0.1,harnipe01
Travis Harper*,,harpetr01
Lenny Harris*,-0.9,harrile01
Willie Harris*,-0.4,harriwi02
Ken Harvey,-0.2,harveke01
Chad Harville,,harvich01
Shigetoshi Hasegawa,0.0,hasegsh01
Bill Haselman,0.4,haselbi01
Scott Hatteberg*,-1.2,hattesc01
LaTroy Hawkins,0.0,hawkila01
Charlie Hayes,-0.3,hayesch01
Jimmy Haynes,0.2,hayneji01
Rick Helling,-0.1,helliri01
Wes Helms,-0.5,helmswe01
Todd Helton*,7.8,heltoto01
Rickey Henderson,0.5,henderi01
Doug Henry,0.0,henrydo01
Pat Hentgen,,hentgpa01
Felix Heredia*,0.0,heredfe01
Gil Heredia,0.0,heredgi01
Matt Herges*,0.2,hergema01
Chad Hermansen,-0.8,hermach01
Dustin Hermanson,-0.5,hermadu01
Adrián Hernández,,hernaad01
Alex Hernandez*,-0.3,hernaal01
Carlos Hernández*,0.1,hernaca03
José Hernández,1.9,hernajo01
Liván Hernández,1.0,hernali01
Orlando Hernandez,,hernaor01
Ramon Hernandez,2.3,hernara02
Roberto Hernandez,0.0,hernaro01
Junior Herndon,-0.2,herndju01
Phil Hiatt,-0.1,hiattph01
Richard Hidalgo,1.9,hidalri01
Bobby Higginson*,3.4,higgibo02
Erik Hiljus,,hiljuer01
Glenallen Hill,-1.1,hillgl01
Ken Hill,,hillke01
Shea Hillenbrand,0.4,hillesh02
A.J. Hinch,-0.7,hincha.01
Brett Hinchliffe,0.0,hinchbr01
Sterling Hitchcock*,-0.1,hitchst01
Denny Hocking#,0.2,hockide01
Trevor Hoffman,0.0,hoffmtr01
Todd Hollandsworth*,1.4,hollato01
Dave Hollins#,0.0,hollida01
Chris Holt,0.1,holtch01
Mike Holtz*,0.0,holtzmi01
Paul Hoover,0.0,hoovepa01
Tyler Houston*,1.2,houstty01
Bob Howry*,0.0,howrybo01
Mike Hubbard,0.0,hubbami01
Trent Hubbard,-0.1,hubbatr01
Ken Huckaby,0.0,huckake01
Tim Hudson,-0.1,hudsoti01
Aubrey Huff*,-0.8,huffau01
Todd Hundley#,-1.1,hundlto01
Brian Hunter,0.6,huntebr02
Torii Hunter,4.7,hunteto01
Chad Hutchinson,0.0,hutchch01
Adam Hyzdu,-0.3,hyzduad01
Raul Ibanez*,1.1,ibanera01
Brandon Inge,-0.3,ingebr01
Hideki Irabu,0.0,irabuhi01
Jason Isringhausen,0.0,isrinja01
Cesar Izturis#,0.4,izturce01
Damian Jackson,0.7,jacksda04
Michael Jackson,0.0,jacksmi02
Ryan Jackson*,-0.7,jacksry01
John Jaha,-0.7,jahajo01
Mike James,0.0,jamesmi01
Kevin Jarvis*,0.4,jarvike01
Stan Javier#,2.8,javiest01
Geoff Jenkins*,1.3,jenkige01
Jason Jennings*,0.2,jennija01
Robin Jennings*,-0.5,jenniro01
Marcus Jensen#,-0.2,jensema01
Ryan Jensen,0.1,jensery01
Derek Jeter,5.2,jeterde01
D'Angelo Jimenez#,0.8,jimend'01
Jose Jimenez,0.1,jimenjo01
Brett Jodie,0.0,jodiebr01
Adam Johnson,0.0,johnsad01
Brian Johnson,0.0,johnsbr01
Charles Johnson,2.5,johnsch04
Jason Johnson,0.1,johnsja02
Jonathan Johnson,,johnsjo08
Mark Johnson*,0.3,johnsma01
Mark Johnson*,1.1,johnsma02
Mike Johnson*,0.0,johnsmi02
Nick Johnson*,-0.2,johnsni01
Randy Johnson,-0.7,johnsra05
Russ Johnson,1.6,johnsru01
Andruw Jones,4.9,jonesan01
Bobby Jones,0.0,jonesbo03
Chipper Jones#,5.9,jonesch06
Jacque Jones*,1.3,jonesja05
Terry Jones#,0.0,joneste02
Todd Jones*,0.0,jonesto02
Brian Jordan,4.4,jordabr01
Kevin Jordan,-0.4,jordake01
Wally Joyner*,-0.1,joynewa01
Mike Judd,0.0,juddmi01
Jorge Julio,,juliojo01
David Justice*,0.5,justida01
Gabe Kapler,1.3,kaplega01
Jason Karnuth,0.0,karnuja01
Eric Karros,-1.1,karroer01
Steve Karsay,0.0,karsast01
Randy Keisler*,0.0,keislra01
Jason Kendall,0.1,kendaja01
Adam Kennedy*,1.6,kennead01
Joe Kennedy,0.0,kennejo04
Jeff Kent,5.2,kentje01
Bobby Kielty#,0.1,kieltbo01
Brooks Kieschnick*,-0.1,kiescbr01
Darryl Kile,0.1,kileda01
Byung-Hyun Kim,0.0,kimby01
Sun-Woo Kim,0.0,kimsu01
Ray King*,0.0,kingra01
Gene Kingsale#,0.3,kingsge01
Mike Kinkade,-0.3,kinkami01
Ryan Klesko*,4.6,kleskry01
Steve Kline#,0.0,klinest02
Brandon Knight*,,knighbr01
Chuck Knoblauch,1.0,knoblch01
Randy Knorr,-0.7,knorrra01
Eric Knott*,0.0,knotter01
Gary Knotts,0.1,knottga01
Billy Koch,0.0,kochbi01
Ryan Kohlmeier,0.0,kohlmry01
Brandon Kolb,0.0,kolbbr01
Danny Kolb,,kolbda01
Paul Konerko,2.3,konerpa01
Mike Koplove,0.0,koplomi01
Corey Koskie*,6.3,koskico01
Mark Kotsay*,3.5,kotsama01
Chad Kreuter#,1.2,kreutch01
Tim Laker,-0.3,lakerti01
Mike Lamb*,1.3,lambmi01
Tom Lampkin*,0.9,lampkto01
Ray Lankford*,1.1,lankfra01
Mike Lansing,0.1,lansimi01
Barry Larkin,0.5,larkiba01
Brandon Larson,-0.3,larsobr01
Jason LaRue,1.0,larueja01
Chris Latham#,0.5,lathach01
Brian Lawrence,-0.1,lawrebr02
Matt Lawton*,2.6,lawtoma02
Jalal Leach*,-0.2,leachja01
Matt LeCroy,0.6,lecroma01
Ricky Ledee*,-0.9,ledeeri01
Carlos Lee,1.5,leeca01
David Lee,0.0,leeda01
Derrek Lee,2.1,leede02
Travis Lee*,1.1,leetr01
Al Leiter*,-0.4,leiteal01
Mark Leiter,0.0,leitema01
Curt Leskanic,0.0,leskacu01
Al Levine*,0.0,levinal01
Jesse Levis*,-0.1,levisje01
Allen Levrault,-0.4,levraal01
Darren Lewis,-0.1,lewisda01
Mark Lewis,-0.3,lewisma01
Cory Lidle,0.0,lidleco01
Jon Lieber*,0.0,liebejo01
Mike Lieberthal,0.1,liebemi01
Jeff Liefer*,0.1,liefeje01
Kerry Ligtenberg,0.0,ligteke01
Ted Lilly*,0.0,lillyte01
Jose Lima,-0.3,limajo01
Mike Lincoln,0.0,lincomi01
Scott Linebrink,0.0,linebsc01
Felipe Lira,0.0,lirafe01
Mark Little,0.7,littlma01
Graeme Lloyd*,0.0,lloydgr01
Paul Lo Duca,4.6,loducpa01
Esteban Loaiza,0.0,loaizes01
Keith Lockhart*,-0.4,lockhke01
Carlton Loewer,0.0,loeweca01
James Lofton#,-0.4,loftoja01
Kenny Lofton*,1.9,loftoke01
Kyle Lohse,0.1,lohseky01
Rich Loiselle,0.0,loiseri01
Terrence Long*,2.0,longte01
Braden Looper,0.0,loopebr01
Albie Lopez,-0.3,lopezal02
Felipe Lopez#,0.6,lopezfe01
Javy Lopez,1.5,lopezja01
Luis Lopez#,0.0,lopezlu02
Luis Lopez,-0.6,lopezlu03
Mendy López,0.1,lopezme01
Mark Loretta,0.4,loretma01
Derek Lowe,0.0,lowede01
Sean Lowe,0.0,lowese01
Mike Lowell,2.8,lowelmi01
Julio Lugo,1.3,lugoju01
Mark Lukasiewicz*,0.0,lukasma01
Fernando Lunar,0.3,lunarfe01
David Lundquist,0.0,lundqda01
Brandon Lyon,,lyonbr01
John Mabry*,-1.2,mabryjo01
Mike MacDougal#,,macdomi01
Robert Machado,-0.2,macharo01
Jose Macias#,3.0,maciajo01
Rob Mackowiak*,0.0,mackoro01
Scott MacRae,-0.1,macrasc01
Greg Maddux,0.1,maddugr01
Calvin Maduro,0.0,madurca01
Dave Magadan*,-0.5,magadda01
Wendell Magee,1.0,mageewe01
Mike Magnante*,0.0,magnami01
Chris Magruder#,-0.2,magruch01
Ron Mahay*,0.0,mahayro01
Pat Mahomes,0.1,mahompa01
Jim Mann,0.0,mannji01
Matt Mantei,0.0,mantema01
Josias Manzanillo,0.0,manzajo01
Jason Marquis*,-0.1,marquja01
Eli Marrero,0.8,marreel01
Damaso Marte*,0.0,marteda01
Al Martin*,1.1,martial03
Tom Martin*,0.0,martito02
Dave Martinez*,0.0,martida01
Edgar Martinez,4.8,martied01
Felix Martinez#,-0.3,martife01
Pedro Martinez,,martipe02
Ramon Martinez*,0.0,martira02
Ramon Martinez,0.1,martira03
Sandy Martinez*,-0.1,martisa01
Tino Martinez*,2.3,martiti02
Henry Mateo#,0.0,mateohe01
Ruben Mateo,-0.6,mateoru01
Mike Matheny,-0.5,mathemi01
T.J. Mathews,0.0,mathet.01
Luis Matos,0.5,matoslu01
Troy Mattes,0.3,mattetr01
Gary Matthews#,0.6,matthga02
Mike Matthews*,0.1,matthmi01
Dave Maurer,0.0,maureda01
Jason Maxwell,-0.4,maxweja01
Brent Mayne*,-0.3,maynebr01
Joe Mays#,0.0,maysjo01
Dave McCarty,-0.5,mccarda01
Quinton McCracken#,-0.4,mccraqu01
Allen McDill*,,mcdilal01
Donzell McDonald#,0.0,mcdondo01
John McDonald,-0.3,mcdonjo03
Keith McDonald,-0.1,mcdonke01
Chuck McElroy*,0.0,mcelrch01
Joe McEwing,1.3,mcewijo01
Fred McGriff*,3.7,mcgrifr01
Ryan McGuire*,0.1,mcguiry01
Mark McGwire,0.3,mcgwima01
Tony McKnight,-0.2,mcknito01
Mark McLemore#,3.5,mclemma01
Billy McMillon*,-0.4,mcmilbi01
Rusty Meacham,0.0,meachru01
Brian Meadows,,meadobr01
Pat Meares,-1.7,mearepa01
Jim Mecir#,0.0,mecirji01
Adam Melhuse#,-1.0,melhuad01
Donaldo Mendez,-1.4,mendedo01
Ramiro Mendoza,0.0,mendora01
Frank Menechino,3.3,menecfr01
Hector Mercado*,0.0,mercahe01
Orlando Merced#,-0.1,merceor01
Jose Mercedes,-0.1,mercejo02
Lou Merloni,0.5,merlolo01
Jose Mesa,0.0,mesajo01
Chad Meyers,0.1,meyerch02
Bart Miadich,,miadiba01
Dan Miceli,0.0,micelda01
Jason Michaels,-0.1,michaja01
Chris Michalak*,0.1,michach01
Jason Middlebrook,0.0,middlja01
Doug Mientkiewicz*,2.8,mientdo01
Kevin Millar,2.8,millake01
Corky Miller,0.2,milleco01
Damian Miller,1.5,milleda02
Matt Miller*,,millema01
Travis Miller,0.0,milletr01
Wade Miller,-0.1,millewa04
Alan Mills,0.0,millsal01
Kevin Millwood,-0.4,millwke01
Eric Milton*,0.0,miltoer01
Damon Minor*,-0.7,minorda01
Ryan Minor,-1.4,minorry01
Doug Mirabelli,1.4,mirabdo01
Dave Mlicki,-0.1,mlickda01
Brian Moehler,,moehlbr01
Chad Moeller,-0.1,moellch01
Mike Mohler,0.0,mohlemi01
Dustan Mohr,0.1,mohrdu01
Bengie Molina,0.6,molinbe01
José Molina,0.5,molinjo01
Raul Mondesí,2.3,mondera01
Craig Monroe,0.1,monrocr01
Trey Moore*,0.1,mooretr01
Melvin Mora,2.5,morame01
Mike Mordecai,-0.6,mordemi01
Juan Moreno*,0.0,morenju02
Mike Morgan,0.0,morgami01
Matt Morris,-0.1,morrima01
Warren Morris*,-0.5,morriwa02
Damian Moss,0.0,mossda01
Guillermo Mota,0.0,motagu01
Chad Mottola,-0.2,mottoch01
James Mouton,-0.1,moutoja01
Lyle Mouton,-0.5,moutoly01
Jamie Moyer*,0.0,moyerja01
Bill Mueller#,1.8,muellbi02
Mark Mulder*,0.0,muldema01
Terry Mulholland,-0.1,mulhote01
Scott Mullen,,mullesc01
Bobby Munoz,-0.2,munozbo01
Eric Munson*,-0.8,munsoer01
Calvin Murray,1.5,murraca01
Heath Murray*,0.0,murrahe01
Mike Mussina*,0.0,mussimi01
Greg Myers*,0.8,myersgr01
Mike Myers*,0.0,myersmi01
Rodney Myers,0.0,myersro01
Aaron Myette,0.0,myettaa01
Charles Nagy*,0.1,nagych01
Denny Neagle*,0.4,neaglde01
Blaine Neal*,0.0,nealbl01
Jeff Nelson,0.0,nelsoje01
Joe Nelson,0.0,nelsojo01
Robb Nen,0.0,nenro01
Nick Neugebauer,0.0,neugeni01
Phil Nevin,5.8,nevinph01
David Newhan*,0.1,newhada01
Chris Nichting,0.0,nichtch01
Doug Nickle,0.0,nickldo01
Jose Nieves,0.3,nievejo01
C.J. Nitkowski*,0.0,nitkoc.01
Trot Nixon*,3.8,nixontr01
Hideo Nomo,0.0,nomohi01
Greg Norton#,-0.4,nortogr01
Abraham Nunez#,0.9,nunezab01
Jose Nunez*,0.0,nunezjo02
Vladimir Núñez,0.0,nunezvl01
Troy O'Leary*,-0.6,o'leatr01
Paul O'Neill*,0.5,o'neipa01
Alex Ochoa,0.5,ochoaal01
Jose Offerman#,1.5,offerjo01
Tomo Ohka#,0.0,ohkato01
Will Ohman*,0.0,ohmanwi01
Augie Ojeda#,-0.4,ojedaau01
John Olerud*,5.2,olerujo01
Omar Olivares,0.3,olivaom01
Darren Oliver,0.1,oliveda02
Joe Oliver,-0.4,olivejo01
Kevin Olsen,-0.1,olsenke01
Gregg Olson,0.0,olsongr01
Luis Ordaz,0.3,ordazlu01
Magglio Ordonez,3.4,ordonma01
Rey Ordóñez,-0.1,ordonre01
Eddie Oropesa*,0.0,oropeed01
Jesse Orosco,0.0,oroscje01
Bill Ortega,,ortegbi01
David Ortiz*,0.3,ortizda01
Héctor Ortiz,0.1,ortizhe01
Jose Ortiz,0.1,ortizjo04
Ramon Ortiz,-0.1,ortizra02
Russ Ortiz,0.4,ortizru01
Keith Osik,-0.3,osikke01
Jimmy Osting,0.0,ostinji01
Antonio Osuna,,osunaan01
Roy Oswalt,0.1,oswalro01
Lyle Overbay*,,overbly01
Eric Owens,-0.9,owenser01
Vicente Padilla,0.1,padilvi01
Lance Painter*,0.0,paintla01
Orlando Palmeiro*,-0.5,palmeor01
Rafael Palmeiro*,4.7,palmera01
Dean Palmer,0.5,palmede01
Jose Paniagua,0.0,paniajo01
Craig Paquette,0.7,paquecr01
Chan Ho Park,0.2,parkch01
Christian Parker,,parkech01
Chad Paronto,0.0,paronch01
Jim Parque*,,parquji01
Steve Parris,0.0,parrist01
John Parrish*,0.0,parrijo01
Corey Patterson*,-0.1,patteco01
Danny Patterson,0.0,patteda04
Jarrod Patterson*,0.1,patteja01
Josh Paul,-0.1,pauljo01
Carl Pavano,-0.1,pavanca01
Jay Payton,0.2,paytoja01
Angel Pena,-0.3,penaan01
Carlos Pena*,0.3,penaca01
Elvis Pena#,0.1,penael01
Brad Penny,0.0,pennybr01
Troy Percival,0.0,percitr01
Eddie Pérez,0.0,perezed02
Neifi Perez#,1.2,perezne01
Odalis Perez*,0.2,perezod01
Robert Perez,-0.3,perezro01
Santiago Perez#,-0.2,perezsa01
Timo Perez*,0.0,perezti01
Tomas Perez#,1.1,perezto03
Matt Perisho*,,perisma01
Herbert Perry,0.4,perryhe01
Robert Person,0.2,persoro01
Chris Peters*,-0.1,peterch01
Kyle Peterson*,0.0,peterky01
Mark Petkovsek,0.0,petkoma01
Ben Petrick,-0.1,petribe01
Andy Pettitte*,-0.1,pettian01
Adam Pettyjohn,0.0,pettyad01
Josh Phelps,0.0,phelpjo01
Travis Phelps,0.0,phelptr01
Jason Phillips,0.0,phillja04
Adam Piatt,-0.6,piattad01
Mike Piazza,4.5,piazzmi01
Hipolito Pichardo,0.0,pichahi01
Calvin Pickering*,0.3,pickeca01
Juan Pierre*,3.1,pierrju01
Chris Piersoll,0.0,piersch01
A.J. Pierzynski*,1.8,pierza.01
Luis Pineda,,pinedlu01
Joel Pineiro,,pineijo01
Dan Plesac*,0.0,plesada01
Scott Podsednik*,0.0,podsesc01
Placido Polanco,4.5,polanpl01
Cliff Politte,0.0,politcl01
Sidney Ponson,0.0,ponsosi01
Bo Porter,-0.3,portebo03
Jorge Posada#,3.0,posadjo01
Lou Pote,0.0,potelo01
Brian Powell,0.0,powelbr01
Dante Powell,0.1,powelda01
Jay Powell,0.0,powelja04
Todd Pratt,-0.5,prattto02
Curtis Pride*,-0.1,pridecu01
Ariel Prieto,,prietar01
Tom Prince,0.7,princto01
Bret Prinz,0.0,prinzbr01
Luke Prokopec*,0.2,prokolu01
Albert Pujols,6.6,pujolal01
Bill Pulsipher*,0.0,pulsibi01
Nick Punto#,0.0,puntoni01
Paul Quantrill*,0.0,quantpa01
Ruben Quevedo,0.1,queveru01
Mark Quinn,1.0,quinnma01
Scott Radinsky*,,radinsc01
Brad Radke,0.1,radkebr01
Tim Raines#,0.6,raineti01
Tim Raines Jr.,-0.1,raineti02
Aramis Ramirez,4.1,ramirar01
Julio Ramirez,-0.5,ramirju02
Manny Ramirez,5.2,ramirma02
Joe Randa,1.2,randajo01
Cody Ransom,-0.1,ransoco01
Pat Rapp,-0.1,rapppa01
Britt Reames,0.2,reamebr01
Jeff Reboulet,0.4,rebouje01
Tim Redding,0.0,redditi01
Mark Redman*,,redmama01
Tike Redman*,-0.9,redmaju01
Mike Redmond,1.3,redmomi01
Rick Reed,-0.1,reedri01
Steve Reed,0.0,reedst01
Pokey Reese,-0.2,reesepo01
Dan Reichert,-0.1,reichda01
Brian Reith,0.1,reithbr01
Chris Reitsma,-0.1,reitsch01
Bryan Rekar,0.0,rekarbr01
Desi Relaford#,2.1,relafde01
Mike Remlinger*,0.0,remlimi01
Edgar Renteria,1.5,renteed01
Alberto Reyes,0.0,reyesal01
Dennys Reyes,0.1,reyesde01
Shane Reynolds,-0.3,reynosh01
Armando Reynoso,-0.1,reynoar02
Arthur Rhodes*,0.0,rhodear01
Chris Richard*,2.1,richach01
John Riedling,0.0,riedljo01
Paul Rigdon,0.0,rigdopa01
Jerrod Riggan,0.0,riggaje01
Adam Riggs,-0.2,riggsad01
Jose Rijo,0.0,rijojo01
Juan Rincon,0.1,rincoju01
Ricardo Rincon*,0.0,rincori01
Armando Rios*,1.3,riosar01
Cal Ripken Jr.,-0.6,ripkeca01
David Riske,,riskeda01
Todd Ritchie,-0.1,ritchto01
Luis Rivas,0.0,rivaslu01
Juan Rivera,-0.1,riverju01
Mariano Rivera,0.0,riverma01
Mike Rivera,0.3,rivermi02
Ruben Rivera,1.1,riverru01
Brian Roberts#,-0.3,roberbr01
Dave Roberts*,-0.1,roberda07
Grant Roberts,0.0,robergr01
Willis Roberts,0.0,roberwi01
Kerry Robinson*,1.3,robinke02
John Rocker,0.0,rockejo01
Alex Rodriguez,8.3,rodrial01
Felix Rodriguez,0.0,rodrife01
Frankie Rodriguez,0.0,rodrifr02
Henry Rodriguez*,-0.2,rodrihe02
Ivan Rodriguez,5.0,rodriiv01
Rich Rodriguez*,0.0,rodriri02
Wilfredo Rodriguez*,0.0,rodriwi01
Kenny Rogers*,0.0,rogerke01
Scott Rolen,5.6,rolensc01
Jimmy Rollins#,2.4,rolliji01
Damian Rolls,0.2,rollsda01
J.C. Romero#,0.1,romerj.01
Brian Rose,0.1,rosebr01
Aaron Rowand,1.4,rowanaa01
Kirk Rueter*,0.3,rueteki01
Johnny Ruffin,0.0,ruffijo01
Ryan Rupe,0.1,rupery01
Glendon Rusch*,-0.4,ruschgl01
B.J. Ryan*,0.1,ryanb.01
Rob Ryan*,-0.2,ryanro02
CC Sabathia*,-0.1,sabatc.01
Erik Sabel,0.0,sabeler01
Bret Saberhagen,,saberbr01
Donnie Sadler,-0.3,sadledo01
Olmedo Saenz,0.0,saenzol01
Tim Salmon,1.2,salmoti01
Alex Sanchez*,-0.1,sanchal03
Jesus Sanchez*,0.1,sanchje01
Rey Sanchez,3.4,sanchre01
Jared Sandberg,0.1,sandbja01
Anthony Sanders,0.0,sandean01
Deion Sanders*,-1.0,sandede02
Reggie Sanders,3.3,sandere02
Johan Santana*,0.0,santajo02
Pedro Santana,0.0,santape01
F.P. Santangelo#,0.2,santaf.01
Benito Santiago,0.4,santibe01
Jose Santiago,0.0,santijo03
Angel Santos#,-0.4,santoan01
Victor Santos,,santovi01
Kazuhiro Sasaki,0.0,sasakka01
Luis Saturria,0.0,saturlu01
Scott Sauerbeck,0.0,sauersc01
Bob Scanlan,0.0,scanlbo01
Curt Schilling,-0.3,schilcu01
Jason Schmidt,0.2,schmija01
Brian Schneider*,0.4,schnebr01
Scott Schoeneweis*,0.1,schoesc01
Pete Schourek*,0.0,schoupe01
Scott Seabol,0.0,seabosc01
Rudy Seanez,0.0,seaneru01
Bobby Seay*,,seaybo01
Chris Seelbach,0.0,seelbch02
Kevin Sefcik,,sefcike01
David Segui#,2.1,seguida01
Fernando Seguignol#,-0.9,seguife01
Bill Selby*,-0.5,selbybi01
Aaron Sele,0.1,seleaa01
Wascar Serrano,0.0,serrawa01
Scott Servais,0.1,servasc01
Richie Sexson,2.8,sexsori01
Jeff Shaw,0.0,shawje01
Andy Sheets,-0.7,sheetan01
Ben Sheets,-0.2,sheetbe01
Gary Sheffield,4.4,sheffga01
Scott Sheldon,-0.4,sheldsc01
Scot Shields,0.0,shielsc01
Tsuyoshi Shinjo,1.8,shinjts01
Paul Shuey,0.0,shueypa01
Terry Shumpert,0.3,shumpte01
Ruben Sierra#,1.0,sierrru01
Jose Silva,0.0,silvajo01
Brian Simmons#,-0.3,simmobr01
Randall Simon*,0.9,simonra01
Chris Singleton*,2.2,singlch01
Joe Slusarski,0.0,slusajo01
J.D. Smart,0.0,smartj.01
Bob Smith,-0.4,smithbo06
Bud Smith*,0.0,smithbu02
Chuck Smith,0.0,smithch07
Jason Smith*,0.0,smithja05
Mark Smith,-0.1,smithma03
Roy Smith,,smithro03
John Smoltz,-0.1,smoltjo01
J.T. Snow*,0.9,snowj.01
Scott Sobkowiak,0.0,sobkosc01
Luis Sojo,-0.7,sojolu01
Alfonso Soriano,0.0,soriaal01
Juan Sosa,0.0,sosaju01
Sammy Sosa,10.3,sosasa01
Steve Sparks,-0.1,sparkst01
Justin Speier,-0.1,speieju01
Shane Spencer,2.1,spencsh01
Bill Spiers*,,spierbi01
Scott Spiezio#,2.1,spiezsc01
Junior Spivey,0.4,spiveju01
Tim Spooneybarger,0.0,spoonti01
Ed Sprague,0.5,spraged02
Dennis Springer,0.0,sprinde01
Russ Springer,0.0,sprinru01
Matt Stairs*,1.5,stairma01
Jason Standridge,,standja01
Mike Stanton*,0.0,stantmi02
Denny Stark,,starkde01
Gene Stechschulte,0.2,stechge01
Blake Stein,0.1,steinbl01
Lee Stevens*,-0.6,stevele01
Scott Stewart,0.0,stewasc01
Shannon Stewart,4.0,stewash01
Kelly Stinnett,0.3,stinnke01
Ricky Stone,0.0,stoneri01
Scott Strickland,-0.1,stricsc02
Joe Strong#,0.0,stronjo01
Tanyon Sturtze,0.0,sturtta01
Chris Stynes,1.2,stynech01
Scott Sullivan,-0.1,sullisc01
Jeff Suppan,0.1,suppaje01
B.J. Surhoff*,0.6,surhob.01
Larry Sutton*,-0.4,suttola01
Ichiro Suzuki*,7.7,suzukic01
Mac Suzuki,-0.3,suzukma01
Mark Sweeney*,-0.1,sweenma01
Mike Sweeney,4.6,sweenmi01
Greg Swindell,0.0,swindgr01
Jeff Tabaka,0.0,tabakje01
Jeff Tam,0.0,tamje01
Kevin Tapani,0.3,tapanke01
Fernando Tatís,-0.8,tatisfe01
Ed Taubensee*,-0.3,taubeed01
Julian Tavarez*,0.0,tavarju01
Billy Taylor,0.0,taylobi04
Reggie Taylor*,-0.1,taylore01
Miguel Tejada,4.2,tejadmi01
Amaury Telemaco,-0.1,telemam01
Anthony Telford,0.0,telfoan01
Brad Thomas*,0.0,thomabr01
Frank Thomas,0.0,thomafr04
Jim Thome*,5.6,thomeji01
Ryan Thompson,-0.3,thompry01
John Thomson,0.2,thomsjo01
Mike Thurman,-0.5,thurmmi01
Mike Timlin,0.0,timlimi01
Jorge Toca,-0.2,tocajo01
Kevin Tolar,0.0,tolarke01
Brian Tollberg,0.2,tollbbr01
Brett Tomko,,tomkobr01
Steve Torrealba,0.0,torrest01
Yorvit Torrealba,0.1,torreyo01
Josh Towers,0.0,towerjo01
Steve Trachsel,0.0,trachst01
Andy Tracy*,-0.8,tracyan01
Bubba Trammell,2.2,trammbu01
Mike Trombley,0.0,trombmi01
Chris Truby,-0.4,trubych01
Michael Tucker*,1.1,tuckemi01
Jason Tyner*,0.9,tynerja01
Ugueth Urbina,0.0,urbinug01
Juan Uribe,1.6,uribeju01
Marc Valdes,0.0,valdema01
Ismael Valdez,0.0,valdeis01
Mario Valdez*,0.2,valdema02
Eric Valent*,-0.1,valener01
John Valentin,0.0,valenjo02
Jose Valentin#,3.0,valenjo03
Todd Van Poppel,0.1,vanpoto01
John Vander Wal*,0.6,vandejo02
Jason Varitek#,1.4,varitja01
Greg Vaughn,2.1,vaughgr01
Javier Vazquez,0.5,vazquja01
Ramón Vázquez*,-0.2,vazqura01
Jorge Velandia,-0.1,velanjo01
Randy Velarde,1.9,velarra01
Mike Venafro*,0.0,venafmi01
Robin Ventura*,2.5,venturo01
Quilvio Veras#,0.9,verasqu01
Dave Veres,-0.1,veresda01
Jose Vidro#,2.3,vidrojo01
Brandon Villafuerte,,villabr01
Ron Villone*,-0.3,villoro01
Fernando Vina*,2.5,vinafe01
Ken Vining*,0.0,vininke01
Jose Vizcaino#,-0.1,vizcajo01
Luis Vizcaino,,vizcalu01
Omar Vizquel#,-0.2,vizquom01
Ryan Vogelsong,-0.1,vogelry01
Ed Vosberg*,0.0,vosbeed01
Brad Voyles,,voylebr01
Billy Wagner*,0.0,wagnebi02
Tim Wakefield,0.0,wakefti01
Chris Wakeland*,0.4,wakelch01
Matt Walbeck#,,walbema01
Kevin Walker*,0.0,walkeke02
Larry Walker*,7.8,walkela01
Pete Walker,0.0,walkepe01
Todd Walker*,1.4,walketo04
Donne Wall,0.0,walldo01
Jeff Wallace*,0.0,wallaje01
Daryle Ward*,-0.3,wardda01
Turner Ward#,,wardtu01
John Wasdin,0.1,wasdijo01
Jarrod Washburn*,0.2,washbja01
David Weathers,0.0,weathda01
Jeff Weaver,-0.1,weaveje01
Ben Weber,0.0,weberbe01
John Wehner,-0.5,wehnejo01
Bob Wells,0.0,wellsbo01
David Wells*,0.0,wellsda01
Kip Wells,0.0,wellski01
Vernon Wells,0.7,wellsve01
Turk Wendell#,0.0,wendetu01
Don Wengert,0.0,wengedo01
Jake Westbrook,0.0,westbja01
Dan Wheeler,,wheelda01
Devon White#,0.8,whitede03
Gabe White*,-0.1,whitega01
Rick White,0.0,whiteri01
Rondell White,2.1,whitero02
Matt Whiteside,0.0,whitema02
Bob Wickman,0.0,wickmbo01
Brad Wilkerson*,-0.7,wilkebr01
Marc Wilkins,0.0,wilkima01
Rick Wilkins*,-0.1,wilkiri01
Bernie Williams#,5.2,willibe02
David Williams*,-0.1,willida07
Gerald Williams,-0.3,willige02
Jeff Williams,0.0,willije02
Matt Williams,1.1,willima04
Mike Williams,0.0,willimi03
Todd Williams,,willito02
Woody Williams,0.5,williwo02
Scott Williamson,0.0,willisc01
Craig Wilson,1.1,wilsocr03
Dan Wilson,2.1,wilsoda01
Enrique Wilson#,-1.1,wilsoen01
Jack Wilson,0.1,wilsoja02
Kris Wilson,0.0,wilsokr01
Paul Wilson,0.0,wilsopa02
Preston Wilson,2.8,wilsopr01
Tom Wilson,-0.2,wilsoto02
Vance Wilson,0.4,wilsova01
Scott Winchester,-0.1,winchsc01
Randy Winn#,0.7,winnra01
Matt Wise,,wisema01
Jay Witasick,0.0,witasja01
Bobby Witt,0.1,wittbo01
Kevin Witt*,-0.1,wittke01
Mark Wohlers,0.0,wohlema01
Randy Wolf*,0.1,wolfra02
Tony Womack*,1.4,womacto01
Kerry Wood,0.2,woodke02
Steve Woodard*,0.0,woodast01
Chris Woodward,-0.1,woodwch01
Shawn Wooten,1.2,wootesh01
Tim Worrell,0.1,worreti01
Dan Wright,,wrighda02
Jamey Wright,0.2,wrighja01
Jaret Wright,0.0,wrighja02
Kelly Wunsch*,0.0,wunscke01
Esteban Yan,0.0,yanes01
Masato Yoshii,-0.1,yoshima01
Dmitri Young#,1.0,youngdm01
Eric Young Sr.,1.2,younger01
Kevin Young,-0.6,youngke01
Michael Young,0.5,youngmi02
Carlos Zambrano#,0.0,zambrca01
Victor Zambrano#,0.0,zambrvi01
Gregg Zaun#,1.1,zaungr01
Todd Zeile,0.8,zeileto01
Chad Zerbe*,0.0,zerbech01
Jeff Zimmerman,0.0,zimmeje02
Barry Zito*,-0.1,zitoba01
Julio Zuleta,-0.4,zuletju01